peso,ganancia,edad,sexo,active,nombreGenetica,codigoConstruccion,tipoClima,codigoZonaGeografica,animal
0.043,0.0,0,Macho,0,ROSS - 2017,1,,-1,Poultry
0.055,0.012,1,Macho,0,ROSS - 2017,1,,-1,Poultry
0.07,0.015,2,Macho,0,ROSS - 2017,1,,-1,Poultry
0.088,0.018,3,Macho,0,ROSS - 2017,1,,-1,Poultry
0.109,0.021,4,Macho,0,ROSS - 2017,1,,-1,Poultry
0.133,0.024,5,Macho,0,ROSS - 2017,1,,-1,Poultry
0.16,0.027,6,Macho,0,ROSS - 2017,1,,-1,Poultry
0.19,0.03,7,Macho,0,ROSS - 2017,1,,-1,Poultry
0.224,0.033,8,Macho,0,ROSS - 2017,1,,-1,Poultry
0.26,0.037,9,Macho,0,ROSS - 2017,1,,-1,Poultry
0.3,0.04,10,Macho,0,ROSS - 2017,1,,-1,Poultry
0.343,0.043,11,Macho,0,ROSS - 2017,1,,-1,Poultry
0.39,0.047,12,Macho,0,ROSS - 2017,1,,-1,Poultry
0.44,0.05,13,Macho,0,ROSS - 2017,1,,-1,Poultry
0.494,0.054,14,Macho,0,ROSS - 2017,1,,-1,Poultry
0.551,0.057,15,Macho,0,ROSS - 2017,1,,-1,Poultry
0.612,0.061,16,Macho,0,ROSS - 2017,1,,-1,Poultry
0.677,0.065,17,Macho,0,ROSS - 2017,1,,-1,Poultry
0.746,0.069,18,Macho,0,ROSS - 2017,1,,-1,Poultry
0.818,0.072,19,Macho,0,ROSS - 2017,1,,-1,Poultry
0.895,0.076,20,Macho,0,ROSS - 2017,1,,-1,Poultry
0.975,0.08,21,Macho,0,ROSS - 2017,1,,-1,Poultry
1.057,0.083,22,Macho,0,ROSS - 2017,1,,-1,Poultry
1.143,0.085,23,Macho,0,ROSS - 2017,1,,-1,Poultry
1.231,0.088,24,Macho,0,ROSS - 2017,1,,-1,Poultry
1.321,0.091,25,Macho,0,ROSS - 2017,1,,-1,Poultry
1.414,0.093,26,Macho,0,ROSS - 2017,1,,-1,Poultry
1.509,0.095,27,Macho,0,ROSS - 2017,1,,-1,Poultry
1.606,0.097,28,Macho,0,ROSS - 2017,1,,-1,Poultry
1.706,0.1,29,Macho,0,ROSS - 2017,1,,-1,Poultry
1.808,0.101,30,Macho,0,ROSS - 2017,1,,-1,Poultry
1.911,0.103,31,Macho,0,ROSS - 2017,1,,-1,Poultry
2.015,0.104,32,Macho,0,ROSS - 2017,1,,-1,Poultry
2.121,0.106,33,Macho,0,ROSS - 2017,1,,-1,Poultry
2.228,0.107,34,Macho,0,ROSS - 2017,1,,-1,Poultry
2.336,0.108,35,Macho,0,ROSS - 2017,1,,-1,Poultry
2.444,0.109,36,Macho,0,ROSS - 2017,1,,-1,Poultry
2.553,0.109,37,Macho,0,ROSS - 2017,1,,-1,Poultry
2.663,0.11,38,Macho,0,ROSS - 2017,1,,-1,Poultry
2.773,0.11,39,Macho,0,ROSS - 2017,1,,-1,Poultry
2.883,0.11,40,Macho,0,ROSS - 2017,1,,-1,Poultry
2.993,0.11,41,Macho,0,ROSS - 2017,1,,-1,Poultry
3.103,0.11,42,Macho,0,ROSS - 2017,1,,-1,Poultry
3.212,0.109,43,Macho,0,ROSS - 2017,1,,-1,Poultry
3.321,0.109,44,Macho,0,ROSS - 2017,1,,-1,Poultry
3.43,0.108,45,Macho,0,ROSS - 2017,1,,-1,Poultry
3.537,0.107,46,Macho,0,ROSS - 2017,1,,-1,Poultry
3.643,0.106,47,Macho,0,ROSS - 2017,1,,-1,Poultry
3.749,0.105,48,Macho,0,ROSS - 2017,1,,-1,Poultry
3.852,0.104,49,Macho,0,ROSS - 2017,1,,-1,Poultry
3.955,0.102,50,Macho,0,ROSS - 2017,1,,-1,Poultry
4.056,0.101,51,Macho,0,ROSS - 2017,1,,-1,Poultry
4.154,0.099,52,Macho,0,ROSS - 2017,1,,-1,Poultry
4.251,0.097,53,Macho,0,ROSS - 2017,1,,-1,Poultry
4.346,0.095,54,Macho,0,ROSS - 2017,1,,-1,Poultry
4.439,0.092,55,Macho,0,ROSS - 2017,1,,-1,Poultry
4.529,0.09,56,Macho,0,ROSS - 2017,1,,-1,Poultry
4.617,0.088,57,Macho,0,ROSS - 2017,1,,-1,Poultry
4.702,0.085,58,Macho,0,ROSS - 2017,1,,-1,Poultry
4.784,0.082,59,Macho,0,ROSS - 2017,1,,-1,Poultry
4.863,0.079,60,Macho,0,ROSS - 2017,1,,-1,Poultry
4.939,0.076,61,Macho,0,ROSS - 2017,1,,-1,Poultry
5.011,0.072,62,Macho,0,ROSS - 2017,1,,-1,Poultry
5.08,0.069,63,Macho,0,ROSS - 2017,1,,-1,Poultry
5.145,0.065,64,Macho,0,ROSS - 2017,1,,-1,Poultry
5.207,0.061,65,Macho,0,ROSS - 2017,1,,-1,Poultry
5.264,0.057,66,Macho,0,ROSS - 2017,1,,-1,Poultry
5.317,0.053,67,Macho,0,ROSS - 2017,1,,-1,Poultry
5.366,0.049,68,Macho,0,ROSS - 2017,1,,-1,Poultry
5.411,0.045,69,Macho,0,ROSS - 2017,1,,-1,Poultry
5.451,0.041,70,Macho,0,ROSS - 2017,1,,-1,Poultry
0.043,0.0,0,Hembra,0,ROSS - 2017,1,,-1,Poultry
0.055,0.012,1,Hembra,0,ROSS - 2017,1,,-1,Poultry
0.07,0.015,2,Hembra,0,ROSS - 2017,1,,-1,Poultry
0.088,0.018,3,Hembra,0,ROSS - 2017,1,,-1,Poultry
0.108,0.021,4,Hembra,0,ROSS - 2017,1,,-1,Poultry
0.132,0.024,5,Hembra,0,ROSS - 2017,1,,-1,Poultry
0.158,0.027,6,Hembra,0,ROSS - 2017,1,,-1,Poultry
0.188,0.03,7,Hembra,0,ROSS - 2017,1,,-1,Poultry
0.221,0.033,8,Hembra,0,ROSS - 2017,1,,-1,Poultry
0.257,0.036,9,Hembra,0,ROSS - 2017,1,,-1,Poultry
0.296,0.039,10,Hembra,0,ROSS - 2017,1,,-1,Poultry
0.338,0.042,11,Hembra,0,ROSS - 2017,1,,-1,Poultry
0.383,0.045,12,Hembra,0,ROSS - 2017,1,,-1,Poultry
0.431,0.048,13,Hembra,0,ROSS - 2017,1,,-1,Poultry
0.482,0.051,14,Hembra,0,ROSS - 2017,1,,-1,Poultry
0.536,0.054,15,Hembra,0,ROSS - 2017,1,,-1,Poultry
0.594,0.058,16,Hembra,0,ROSS - 2017,1,,-1,Poultry
0.655,0.061,17,Hembra,0,ROSS - 2017,1,,-1,Poultry
0.719,0.064,18,Hembra,0,ROSS - 2017,1,,-1,Poultry
0.786,0.067,19,Hembra,0,ROSS - 2017,1,,-1,Poultry
0.856,0.07,20,Hembra,0,ROSS - 2017,1,,-1,Poultry
0.928,0.072,21,Hembra,0,ROSS - 2017,1,,-1,Poultry
1.002,0.074,22,Hembra,0,ROSS - 2017,1,,-1,Poultry
1.078,0.077,23,Hembra,0,ROSS - 2017,1,,-1,Poultry
1.157,0.079,24,Hembra,0,ROSS - 2017,1,,-1,Poultry
1.238,0.081,25,Hembra,0,ROSS - 2017,1,,-1,Poultry
1.321,0.083,26,Hembra,0,ROSS - 2017,1,,-1,Poultry
1.405,0.084,27,Hembra,0,ROSS - 2017,1,,-1,Poultry
1.491,0.086,28,Hembra,0,ROSS - 2017,1,,-1,Poultry
1.578,0.087,29,Hembra,0,ROSS - 2017,1,,-1,Poultry
1.666,0.088,30,Hembra,0,ROSS - 2017,1,,-1,Poultry
1.755,0.089,31,Hembra,0,ROSS - 2017,1,,-1,Poultry
1.844,0.089,32,Hembra,0,ROSS - 2017,1,,-1,Poultry
1.934,0.09,33,Hembra,0,ROSS - 2017,1,,-1,Poultry
2.024,0.09,34,Hembra,0,ROSS - 2017,1,,-1,Poultry
2.114,0.09,35,Hembra,0,ROSS - 2017,1,,-1,Poultry
2.204,0.09,36,Hembra,0,ROSS - 2017,1,,-1,Poultry
2.294,0.09,37,Hembra,0,ROSS - 2017,1,,-1,Poultry
2.383,0.09,38,Hembra,0,ROSS - 2017,1,,-1,Poultry
2.473,0.089,39,Hembra,0,ROSS - 2017,1,,-1,Poultry
2.561,0.089,40,Hembra,0,ROSS - 2017,1,,-1,Poultry
2.65,0.088,41,Hembra,0,ROSS - 2017,1,,-1,Poultry
2.737,0.087,42,Hembra,0,ROSS - 2017,1,,-1,Poultry
2.823,0.086,43,Hembra,0,ROSS - 2017,1,,-1,Poultry
2.909,0.085,44,Hembra,0,ROSS - 2017,1,,-1,Poultry
2.993,0.084,45,Hembra,0,ROSS - 2017,1,,-1,Poultry
3.076,0.083,46,Hembra,0,ROSS - 2017,1,,-1,Poultry
3.158,0.082,47,Hembra,0,ROSS - 2017,1,,-1,Poultry
3.238,0.08,48,Hembra,0,ROSS - 2017,1,,-1,Poultry
3.316,0.079,49,Hembra,0,ROSS - 2017,1,,-1,Poultry
3.394,0.077,50,Hembra,0,ROSS - 2017,1,,-1,Poultry
3.47,0.076,51,Hembra,0,ROSS - 2017,1,,-1,Poultry
3.544,0.074,52,Hembra,0,ROSS - 2017,1,,-1,Poultry
3.617,0.073,53,Hembra,0,ROSS - 2017,1,,-1,Poultry
3.688,0.071,54,Hembra,0,ROSS - 2017,1,,-1,Poultry
3.756,0.069,55,Hembra,0,ROSS - 2017,1,,-1,Poultry
3.823,0.067,56,Hembra,0,ROSS - 2017,1,,-1,Poultry
3.887,0.064,57,Hembra,0,ROSS - 2017,1,,-1,Poultry
3.95,0.062,58,Hembra,0,ROSS - 2017,1,,-1,Poultry
4.01,0.06,59,Hembra,0,ROSS - 2017,1,,-1,Poultry
4.068,0.058,60,Hembra,0,ROSS - 2017,1,,-1,Poultry
4.124,0.056,61,Hembra,0,ROSS - 2017,1,,-1,Poultry
4.177,0.054,62,Hembra,0,ROSS - 2017,1,,-1,Poultry
4.229,0.052,63,Hembra,0,ROSS - 2017,1,,-1,Poultry
4.278,0.049,64,Hembra,0,ROSS - 2017,1,,-1,Poultry
4.325,0.047,65,Hembra,0,ROSS - 2017,1,,-1,Poultry
4.37,0.045,66,Hembra,0,ROSS - 2017,1,,-1,Poultry
4.413,0.043,67,Hembra,0,ROSS - 2017,1,,-1,Poultry
4.453,0.04,68,Hembra,0,ROSS - 2017,1,,-1,Poultry
4.491,0.038,69,Hembra,0,ROSS - 2017,1,,-1,Poultry
4.528,0.036,70,Hembra,0,ROSS - 2017,1,,-1,Poultry
0.043,0.0,0,Mixto,0,ROSS - 2017,1,,-1,Poultry
0.055,0.012,1,Mixto,0,ROSS - 2017,1,,-1,Poultry
0.07,0.015,2,Mixto,0,ROSS - 2017,1,,-1,Poultry
0.088,0.018,3,Mixto,0,ROSS - 2017,1,,-1,Poultry
0.109,0.021,4,Mixto,0,ROSS - 2017,1,,-1,Poultry
0.132,0.024,5,Mixto,0,ROSS - 2017,1,,-1,Poultry
0.159,0.027,6,Mixto,0,ROSS - 2017,1,,-1,Poultry
0.189,0.03,7,Mixto,0,ROSS - 2017,1,,-1,Poultry
0.222,0.033,8,Mixto,0,ROSS - 2017,1,,-1,Poultry
0.259,0.036,9,Mixto,0,ROSS - 2017,1,,-1,Poultry
0.298,0.039,10,Mixto,0,ROSS - 2017,1,,-1,Poultry
0.34,0.043,11,Mixto,0,ROSS - 2017,1,,-1,Poultry
0.386,0.046,12,Mixto,0,ROSS - 2017,1,,-1,Poultry
0.435,0.049,13,Mixto,0,ROSS - 2017,1,,-1,Poultry
0.488,0.052,14,Mixto,0,ROSS - 2017,1,,-1,Poultry
0.544,0.056,15,Mixto,0,ROSS - 2017,1,,-1,Poultry
0.603,0.059,16,Mixto,0,ROSS - 2017,1,,-1,Poultry
0.666,0.063,17,Mixto,0,ROSS - 2017,1,,-1,Poultry
0.732,0.066,18,Mixto,0,ROSS - 2017,1,,-1,Poultry
0.802,0.07,19,Mixto,0,ROSS - 2017,1,,-1,Poultry
0.875,0.073,20,Mixto,0,ROSS - 2017,1,,-1,Poultry
0.951,0.076,21,Mixto,0,ROSS - 2017,1,,-1,Poultry
1.03,0.079,22,Mixto,0,ROSS - 2017,1,,-1,Poultry
1.111,0.081,23,Mixto,0,ROSS - 2017,1,,-1,Poultry
1.194,0.083,24,Mixto,0,ROSS - 2017,1,,-1,Poultry
1.28,0.086,25,Mixto,0,ROSS - 2017,1,,-1,Poultry
1.368,0.088,26,Mixto,0,ROSS - 2017,1,,-1,Poultry
1.457,0.089,27,Mixto,0,ROSS - 2017,1,,-1,Poultry
1.549,0.092,28,Mixto,0,ROSS - 2017,1,,-1,Poultry
1.642,0.094,29,Mixto,0,ROSS - 2017,1,,-1,Poultry
1.737,0.095,30,Mixto,0,ROSS - 2017,1,,-1,Poultry
1.833,0.096,31,Mixto,0,ROSS - 2017,1,,-1,Poultry
1.93,0.097,32,Mixto,0,ROSS - 2017,1,,-1,Poultry
2.027,0.098,33,Mixto,0,ROSS - 2017,1,,-1,Poultry
2.126,0.098,34,Mixto,0,ROSS - 2017,1,,-1,Poultry
2.225,0.099,35,Mixto,0,ROSS - 2017,1,,-1,Poultry
2.324,0.099,36,Mixto,0,ROSS - 2017,1,,-1,Poultry
2.424,0.099,37,Mixto,0,ROSS - 2017,1,,-1,Poultry
2.523,0.1,38,Mixto,0,ROSS - 2017,1,,-1,Poultry
2.623,0.1,39,Mixto,0,ROSS - 2017,1,,-1,Poultry
2.722,0.099,40,Mixto,0,ROSS - 2017,1,,-1,Poultry
2.821,0.099,41,Mixto,0,ROSS - 2017,1,,-1,Poultry
2.92,0.099,42,Mixto,0,ROSS - 2017,1,,-1,Poultry
3.018,0.098,43,Mixto,0,ROSS - 2017,1,,-1,Poultry
3.115,0.097,44,Mixto,0,ROSS - 2017,1,,-1,Poultry
3.211,0.096,45,Mixto,0,ROSS - 2017,1,,-1,Poultry
3.307,0.095,46,Mixto,0,ROSS - 2017,1,,-1,Poultry
3.401,0.094,47,Mixto,0,ROSS - 2017,1,,-1,Poultry
3.493,0.093,48,Mixto,0,ROSS - 2017,1,,-1,Poultry
3.584,0.091,49,Mixto,0,ROSS - 2017,1,,-1,Poultry
3.674,0.09,50,Mixto,0,ROSS - 2017,1,,-1,Poultry
3.763,0.088,51,Mixto,0,ROSS - 2017,1,,-1,Poultry
3.849,0.087,52,Mixto,0,ROSS - 2017,1,,-1,Poultry
3.934,0.085,53,Mixto,0,ROSS - 2017,1,,-1,Poultry
4.017,0.083,54,Mixto,0,ROSS - 2017,1,,-1,Poultry
4.097,0.081,55,Mixto,0,ROSS - 2017,1,,-1,Poultry
4.176,0.079,56,Mixto,0,ROSS - 2017,1,,-1,Poultry
4.252,0.076,57,Mixto,0,ROSS - 2017,1,,-1,Poultry
4.326,0.074,58,Mixto,0,ROSS - 2017,1,,-1,Poultry
4.397,0.071,59,Mixto,0,ROSS - 2017,1,,-1,Poultry
4.465,0.068,60,Mixto,0,ROSS - 2017,1,,-1,Poultry
4.531,0.066,61,Mixto,0,ROSS - 2017,1,,-1,Poultry
4.594,0.063,62,Mixto,0,ROSS - 2017,1,,-1,Poultry
4.655,0.061,63,Mixto,0,ROSS - 2017,1,,-1,Poultry
4.712,0.057,64,Mixto,0,ROSS - 2017,1,,-1,Poultry
4.766,0.054,65,Mixto,0,ROSS - 2017,1,,-1,Poultry
4.817,0.051,66,Mixto,0,ROSS - 2017,1,,-1,Poultry
4.865,0.048,67,Mixto,0,ROSS - 2017,1,,-1,Poultry
4.909,0.045,68,Mixto,0,ROSS - 2017,1,,-1,Poultry
4.951,0.042,69,Mixto,0,ROSS - 2017,1,,-1,Poultry
4.99,0.039,70,Mixto,0,ROSS - 2017,1,,-1,Poultry
0.042,0.0,0,Mixto,1,COBB500 - 2018,1,,-1,Poultry
0.063,-1.0,1,Mixto,1,COBB500 - 2018,1,,-1,Poultry
0.074,-1.0,2,Mixto,1,COBB500 - 2018,1,,-1,Poultry
0.09,-1.0,3,Mixto,1,COBB500 - 2018,1,,-1,Poultry
0.109,-1.0,4,Mixto,1,COBB500 - 2018,1,,-1,Poultry
0.134,-1.0,5,Mixto,1,COBB500 - 2018,1,,-1,Poultry
0.163,-1.0,6,Mixto,1,COBB500 - 2018,1,,-1,Poultry
0.193,0.03,7,Mixto,1,COBB500 - 2018,1,,-1,Poultry
0.228,0.035,8,Mixto,1,COBB500 - 2018,1,,-1,Poultry
0.269,0.041,9,Mixto,1,COBB500 - 2018,1,,-1,Poultry
0.314,0.045,10,Mixto,1,COBB500 - 2018,1,,-1,Poultry
0.362,0.048,11,Mixto,1,COBB500 - 2018,1,,-1,Poultry
0.414,0.052,12,Mixto,1,COBB500 - 2018,1,,-1,Poultry
0.469,0.055,13,Mixto,1,COBB500 - 2018,1,,-1,Poultry
0.528,0.059,14,Mixto,1,COBB500 - 2018,1,,-1,Poultry
0.589,0.061,15,Mixto,1,COBB500 - 2018,1,,-1,Poultry
0.654,0.065,16,Mixto,1,COBB500 - 2018,1,,-1,Poultry
0.722,0.068,17,Mixto,1,COBB500 - 2018,1,,-1,Poultry
0.792,0.07,18,Mixto,1,COBB500 - 2018,1,,-1,Poultry
0.865,0.073,19,Mixto,1,COBB500 - 2018,1,,-1,Poultry
0.941,0.076,20,Mixto,1,COBB500 - 2018,1,,-1,Poultry
1.018,0.077,21,Mixto,1,COBB500 - 2018,1,,-1,Poultry
1.098,0.08,22,Mixto,1,COBB500 - 2018,1,,-1,Poultry
1.18,0.082,23,Mixto,1,COBB500 - 2018,1,,-1,Poultry
1.264,0.084,24,Mixto,1,COBB500 - 2018,1,,-1,Poultry
1.349,0.085,25,Mixto,1,COBB500 - 2018,1,,-1,Poultry
1.436,0.087,26,Mixto,1,COBB500 - 2018,1,,-1,Poultry
1.525,0.089,27,Mixto,1,COBB500 - 2018,1,,-1,Poultry
1.615,0.09,28,Mixto,1,COBB500 - 2018,1,,-1,Poultry
1.706,0.091,29,Mixto,1,COBB500 - 2018,1,,-1,Poultry
1.798,0.092,30,Mixto,1,COBB500 - 2018,1,,-1,Poultry
1.892,0.094,31,Mixto,1,COBB500 - 2018,1,,-1,Poultry
1.986,0.094,32,Mixto,1,COBB500 - 2018,1,,-1,Poultry
2.081,0.095,33,Mixto,1,COBB500 - 2018,1,,-1,Poultry
2.177,0.096,34,Mixto,1,COBB500 - 2018,1,,-1,Poultry
2.273,0.096,35,Mixto,1,COBB500 - 2018,1,,-1,Poultry
2.369,0.096,36,Mixto,1,COBB500 - 2018,1,,-1,Poultry
2.466,0.097,37,Mixto,1,COBB500 - 2018,1,,-1,Poultry
2.563,0.097,38,Mixto,1,COBB500 - 2018,1,,-1,Poultry
2.661,0.098,39,Mixto,1,COBB500 - 2018,1,,-1,Poultry
2.758,0.097,40,Mixto,1,COBB500 - 2018,1,,-1,Poultry
2.855,0.097,41,Mixto,1,COBB500 - 2018,1,,-1,Poultry
2.952,0.097,42,Mixto,1,COBB500 - 2018,1,,-1,Poultry
3.049,0.097,43,Mixto,1,COBB500 - 2018,1,,-1,Poultry
3.145,0.096,44,Mixto,1,COBB500 - 2018,1,,-1,Poultry
3.24,0.095,45,Mixto,1,COBB500 - 2018,1,,-1,Poultry
3.335,0.095,46,Mixto,1,COBB500 - 2018,1,,-1,Poultry
3.43,0.095,47,Mixto,1,COBB500 - 2018,1,,-1,Poultry
3.524,0.094,48,Mixto,1,COBB500 - 2018,1,,-1,Poultry
3.617,0.093,49,Mixto,1,COBB500 - 2018,1,,-1,Poultry
3.707,0.09,50,Mixto,1,COBB500 - 2018,1,,-1,Poultry
3.797,0.09,51,Mixto,1,COBB500 - 2018,1,,-1,Poultry
3.885,0.088,52,Mixto,1,COBB500 - 2018,1,,-1,Poultry
3.973,0.088,53,Mixto,1,COBB500 - 2018,1,,-1,Poultry
4.059,0.086,54,Mixto,1,COBB500 - 2018,1,,-1,Poultry
4.144,0.085,55,Mixto,1,COBB500 - 2018,1,,-1,Poultry
4.227,0.083,56,Mixto,1,COBB500 - 2018,1,,-1,Poultry
4.309,0.082,57,Mixto,1,COBB500 - 2018,1,,-1,Poultry
4.389,0.08,58,Mixto,1,COBB500 - 2018,1,,-1,Poultry
4.466,0.077,59,Mixto,1,COBB500 - 2018,1,,-1,Poultry
4.542,0.076,60,Mixto,1,COBB500 - 2018,1,,-1,Poultry
4.616,0.074,61,Mixto,1,COBB500 - 2018,1,,-1,Poultry
4.688,0.072,62,Mixto,1,COBB500 - 2018,1,,-1,Poultry
4.759,0.071,63,Mixto,1,COBB500 - 2018,1,,-1,Poultry
0.042,0.0,0,Macho,1,COBB500 - 2018,1,,-1,Poultry
0.063,-1.0,1,Macho,1,COBB500 - 2018,1,,-1,Poultry
0.074,-1.0,2,Macho,1,COBB500 - 2018,1,,-1,Poultry
0.09,-1.0,3,Macho,1,COBB500 - 2018,1,,-1,Poultry
0.11,-1.0,4,Macho,1,COBB500 - 2018,1,,-1,Poultry
0.135,-1.0,5,Macho,1,COBB500 - 2018,1,,-1,Poultry
0.164,-1.0,6,Macho,1,COBB500 - 2018,1,,-1,Poultry
0.194,0.03,7,Macho,1,COBB500 - 2018,1,,-1,Poultry
0.23,0.036,8,Macho,1,COBB500 - 2018,1,,-1,Poultry
0.271,0.041,9,Macho,1,COBB500 - 2018,1,,-1,Poultry
0.316,0.045,10,Macho,1,COBB500 - 2018,1,,-1,Poultry
0.365,0.049,11,Macho,1,COBB500 - 2018,1,,-1,Poultry
0.418,0.053,12,Macho,1,COBB500 - 2018,1,,-1,Poultry
0.474,0.056,13,Macho,1,COBB500 - 2018,1,,-1,Poultry
0.534,0.06,14,Macho,1,COBB500 - 2018,1,,-1,Poultry
0.597,0.063,15,Macho,1,COBB500 - 2018,1,,-1,Poultry
0.664,0.067,16,Macho,1,COBB500 - 2018,1,,-1,Poultry
0.733,0.069,17,Macho,1,COBB500 - 2018,1,,-1,Poultry
0.806,0.073,18,Macho,1,COBB500 - 2018,1,,-1,Poultry
0.882,0.076,19,Macho,1,COBB500 - 2018,1,,-1,Poultry
0.96,0.079,20,Macho,1,COBB500 - 2018,1,,-1,Poultry
1.042,0.082,21,Macho,1,COBB500 - 2018,1,,-1,Poultry
1.126,0.084,22,Macho,1,COBB500 - 2018,1,,-1,Poultry
1.212,0.086,23,Macho,1,COBB500 - 2018,1,,-1,Poultry
1.3,0.088,24,Macho,1,COBB500 - 2018,1,,-1,Poultry
1.391,0.091,25,Macho,1,COBB500 - 2018,1,,-1,Poultry
1.484,0.093,26,Macho,1,COBB500 - 2018,1,,-1,Poultry
1.579,0.095,27,Macho,1,COBB500 - 2018,1,,-1,Poultry
1.675,0.097,28,Macho,1,COBB500 - 2018,1,,-1,Poultry
1.774,0.098,29,Macho,1,COBB500 - 2018,1,,-1,Poultry
1.874,0.1,30,Macho,1,COBB500 - 2018,1,,-1,Poultry
1.975,0.101,31,Macho,1,COBB500 - 2018,1,,-1,Poultry
2.078,0.103,32,Macho,1,COBB500 - 2018,1,,-1,Poultry
2.182,0.104,33,Macho,1,COBB500 - 2018,1,,-1,Poultry
2.286,0.105,34,Macho,1,COBB500 - 2018,1,,-1,Poultry
2.392,0.106,35,Macho,1,COBB500 - 2018,1,,-1,Poultry
2.499,0.107,36,Macho,1,COBB500 - 2018,1,,-1,Poultry
2.606,0.107,37,Macho,1,COBB500 - 2018,1,,-1,Poultry
2.714,0.108,38,Macho,1,COBB500 - 2018,1,,-1,Poultry
2.822,0.108,39,Macho,1,COBB500 - 2018,1,,-1,Poultry
2.93,0.108,40,Macho,1,COBB500 - 2018,1,,-1,Poultry
3.038,0.108,41,Macho,1,COBB500 - 2018,1,,-1,Poultry
3.147,0.108,42,Macho,1,COBB500 - 2018,1,,-1,Poultry
3.255,0.108,43,Macho,1,COBB500 - 2018,1,,-1,Poultry
3.363,0.108,44,Macho,1,COBB500 - 2018,1,,-1,Poultry
3.47,0.107,45,Macho,1,COBB500 - 2018,1,,-1,Poultry
3.577,0.107,46,Macho,1,COBB500 - 2018,1,,-1,Poultry
3.682,0.106,47,Macho,1,COBB500 - 2018,1,,-1,Poultry
3.787,0.105,48,Macho,1,COBB500 - 2018,1,,-1,Poultry
3.891,0.104,49,Macho,1,COBB500 - 2018,1,,-1,Poultry
3.994,0.103,50,Macho,1,COBB500 - 2018,1,,-1,Poultry
4.095,0.101,51,Macho,1,COBB500 - 2018,1,,-1,Poultry
4.195,0.1,52,Macho,1,COBB500 - 2018,1,,-1,Poultry
4.293,0.098,53,Macho,1,COBB500 - 2018,1,,-1,Poultry
4.389,0.096,54,Macho,1,COBB500 - 2018,1,,-1,Poultry
4.484,0.094,55,Macho,1,COBB500 - 2018,1,,-1,Poultry
4.576,0.092,56,Macho,1,COBB500 - 2018,1,,-1,Poultry
4.666,0.09,57,Macho,1,COBB500 - 2018,1,,-1,Poultry
4.753,0.087,58,Macho,1,COBB500 - 2018,1,,-1,Poultry
4.838,0.085,59,Macho,1,COBB500 - 2018,1,,-1,Poultry
4.92,0.082,60,Macho,1,COBB500 - 2018,1,,-1,Poultry
4.999,0.079,61,Macho,1,COBB500 - 2018,1,,-1,Poultry
5.075,0.076,62,Macho,1,COBB500 - 2018,1,,-1,Poultry
5.148,0.073,63,Macho,1,COBB500 - 2018,1,,-1,Poultry
0.042,0.0,0,Hembra,1,COBB500 - 2018,1,,-1,Poultry
0.063,-1.0,1,Hembra,1,COBB500 - 2018,1,,-1,Poultry
0.074,-1.0,2,Hembra,1,COBB500 - 2018,1,,-1,Poultry
0.089,-1.0,3,Hembra,1,COBB500 - 2018,1,,-1,Poultry
0.108,-1.0,4,Hembra,1,COBB500 - 2018,1,,-1,Poultry
0.133,-1.0,5,Hembra,1,COBB500 - 2018,1,,-1,Poultry
0.162,-1.0,6,Hembra,1,COBB500 - 2018,1,,-1,Poultry
0.191,0.029,7,Hembra,1,COBB500 - 2018,1,,-1,Poultry
0.227,0.036,8,Hembra,1,COBB500 - 2018,1,,-1,Poultry
0.267,0.04,9,Hembra,1,COBB500 - 2018,1,,-1,Poultry
0.31,0.043,10,Hembra,1,COBB500 - 2018,1,,-1,Poultry
0.358,0.048,11,Hembra,1,COBB500 - 2018,1,,-1,Poultry
0.409,0.051,12,Hembra,1,COBB500 - 2018,1,,-1,Poultry
0.463,0.054,13,Hembra,1,COBB500 - 2018,1,,-1,Poultry
0.521,0.058,14,Hembra,1,COBB500 - 2018,1,,-1,Poultry
0.582,0.061,15,Hembra,1,COBB500 - 2018,1,,-1,Poultry
0.645,0.063,16,Hembra,1,COBB500 - 2018,1,,-1,Poultry
0.711,0.066,17,Hembra,1,COBB500 - 2018,1,,-1,Poultry
0.779,0.068,18,Hembra,1,COBB500 - 2018,1,,-1,Poultry
0.849,0.07,19,Hembra,1,COBB500 - 2018,1,,-1,Poultry
0.921,0.072,20,Hembra,1,COBB500 - 2018,1,,-1,Poultry
0.995,0.074,21,Hembra,1,COBB500 - 2018,1,,-1,Poultry
1.071,0.076,22,Hembra,1,COBB500 - 2018,1,,-1,Poultry
1.148,0.077,23,Hembra,1,COBB500 - 2018,1,,-1,Poultry
1.227,0.079,24,Hembra,1,COBB500 - 2018,1,,-1,Poultry
1.307,0.08,25,Hembra,1,COBB500 - 2018,1,,-1,Poultry
1.389,0.082,26,Hembra,1,COBB500 - 2018,1,,-1,Poultry
1.471,0.082,27,Hembra,1,COBB500 - 2018,1,,-1,Poultry
1.554,0.083,28,Hembra,1,COBB500 - 2018,1,,-1,Poultry
1.638,0.084,29,Hembra,1,COBB500 - 2018,1,,-1,Poultry
1.723,0.085,30,Hembra,1,COBB500 - 2018,1,,-1,Poultry
1.808,0.085,31,Hembra,1,COBB500 - 2018,1,,-1,Poultry
1.894,0.086,32,Hembra,1,COBB500 - 2018,1,,-1,Poultry
1.98,0.086,33,Hembra,1,COBB500 - 2018,1,,-1,Poultry
2.066,0.086,34,Hembra,1,COBB500 - 2018,1,,-1,Poultry
2.153,0.087,35,Hembra,1,COBB500 - 2018,1,,-1,Poultry
2.24,0.087,36,Hembra,1,COBB500 - 2018,1,,-1,Poultry
2.327,0.087,37,Hembra,1,COBB500 - 2018,1,,-1,Poultry
2.414,0.087,38,Hembra,1,COBB500 - 2018,1,,-1,Poultry
2.5,0.086,39,Hembra,1,COBB500 - 2018,1,,-1,Poultry
2.586,0.086,40,Hembra,1,COBB500 - 2018,1,,-1,Poultry
2.672,0.086,41,Hembra,1,COBB500 - 2018,1,,-1,Poultry
2.758,0.086,42,Hembra,1,COBB500 - 2018,1,,-1,Poultry
2.843,0.085,43,Hembra,1,COBB500 - 2018,1,,-1,Poultry
2.927,0.084,44,Hembra,1,COBB500 - 2018,1,,-1,Poultry
3.011,0.084,45,Hembra,1,COBB500 - 2018,1,,-1,Poultry
3.094,0.083,46,Hembra,1,COBB500 - 2018,1,,-1,Poultry
3.177,0.083,47,Hembra,1,COBB500 - 2018,1,,-1,Poultry
3.26,0.083,48,Hembra,1,COBB500 - 2018,1,,-1,Poultry
3.342,0.082,49,Hembra,1,COBB500 - 2018,1,,-1,Poultry
3.421,0.079,50,Hembra,1,COBB500 - 2018,1,,-1,Poultry
3.499,0.078,51,Hembra,1,COBB500 - 2018,1,,-1,Poultry
3.576,0.077,52,Hembra,1,COBB500 - 2018,1,,-1,Poultry
3.652,0.076,53,Hembra,1,COBB500 - 2018,1,,-1,Poultry
3.728,0.076,54,Hembra,1,COBB500 - 2018,1,,-1,Poultry
3.804,0.076,55,Hembra,1,COBB500 - 2018,1,,-1,Poultry
3.878,0.074,56,Hembra,1,COBB500 - 2018,1,,-1,Poultry
3.952,0.074,57,Hembra,1,COBB500 - 2018,1,,-1,Poultry
4.024,0.072,58,Hembra,1,COBB500 - 2018,1,,-1,Poultry
4.094,0.07,59,Hembra,1,COBB500 - 2018,1,,-1,Poultry
4.164,0.07,60,Hembra,1,COBB500 - 2018,1,,-1,Poultry
4.233,0.069,61,Hembra,1,COBB500 - 2018,1,,-1,Poultry
4.302,0.069,62,Hembra,1,COBB500 - 2018,1,,-1,Poultry
4.37,0.068,63,Hembra,1,COBB500 - 2018,1,,-1,Poultry
0.042,0.0,0,Mixto,0,COBB500 - 2015,1,,-1,Poultry
0.056,0.014,1,Mixto,0,COBB500 - 2015,1,,-1,Poultry
0.072,0.016,2,Mixto,0,COBB500 - 2015,1,,-1,Poultry
0.089,0.017,3,Mixto,0,COBB500 - 2015,1,,-1,Poultry
0.109,0.02,4,Mixto,0,COBB500 - 2015,1,,-1,Poultry
0.131,0.022,5,Mixto,0,COBB500 - 2015,1,,-1,Poultry
0.157,0.026,6,Mixto,0,COBB500 - 2015,1,,-1,Poultry
0.185,0.028,7,Mixto,0,COBB500 - 2015,1,,-1,Poultry
0.215,0.03,8,Mixto,0,COBB500 - 2015,1,,-1,Poultry
0.247,0.032,9,Mixto,0,COBB500 - 2015,1,,-1,Poultry
0.283,0.036,10,Mixto,0,COBB500 - 2015,1,,-1,Poultry
0.321,0.038,11,Mixto,0,COBB500 - 2015,1,,-1,Poultry
0.364,0.043,12,Mixto,0,COBB500 - 2015,1,,-1,Poultry
0.412,0.048,13,Mixto,0,COBB500 - 2015,1,,-1,Poultry
0.465,0.053,14,Mixto,0,COBB500 - 2015,1,,-1,Poultry
0.524,0.059,15,Mixto,0,COBB500 - 2015,1,,-1,Poultry
0.586,0.062,16,Mixto,0,COBB500 - 2015,1,,-1,Poultry
0.651,0.065,17,Mixto,0,COBB500 - 2015,1,,-1,Poultry
0.719,0.068,18,Mixto,0,COBB500 - 2015,1,,-1,Poultry
0.79,0.071,19,Mixto,0,COBB500 - 2015,1,,-1,Poultry
0.865,0.075,20,Mixto,0,COBB500 - 2015,1,,-1,Poultry
0.943,0.078,21,Mixto,0,COBB500 - 2015,1,,-1,Poultry
1.023,0.08,22,Mixto,0,COBB500 - 2015,1,,-1,Poultry
1.104,0.081,23,Mixto,0,COBB500 - 2015,1,,-1,Poultry
1.186,0.082,24,Mixto,0,COBB500 - 2015,1,,-1,Poultry
1.269,0.083,25,Mixto,0,COBB500 - 2015,1,,-1,Poultry
1.353,0.084,26,Mixto,0,COBB500 - 2015,1,,-1,Poultry
1.438,0.085,27,Mixto,0,COBB500 - 2015,1,,-1,Poultry
1.524,0.086,28,Mixto,0,COBB500 - 2015,1,,-1,Poultry
1.613,0.089,29,Mixto,0,COBB500 - 2015,1,,-1,Poultry
1.705,0.092,30,Mixto,0,COBB500 - 2015,1,,-1,Poultry
1.799,0.094,31,Mixto,0,COBB500 - 2015,1,,-1,Poultry
1.895,0.096,32,Mixto,0,COBB500 - 2015,1,,-1,Poultry
1.993,0.098,33,Mixto,0,COBB500 - 2015,1,,-1,Poultry
2.092,0.099,34,Mixto,0,COBB500 - 2015,1,,-1,Poultry
2.191,0.099,35,Mixto,0,COBB500 - 2015,1,,-1,Poultry
2.289,0.098,36,Mixto,0,COBB500 - 2015,1,,-1,Poultry
2.386,0.097,37,Mixto,0,COBB500 - 2015,1,,-1,Poultry
2.482,0.096,38,Mixto,0,COBB500 - 2015,1,,-1,Poultry
2.577,0.095,39,Mixto,0,COBB500 - 2015,1,,-1,Poultry
2.671,0.094,40,Mixto,0,COBB500 - 2015,1,,-1,Poultry
2.764,0.093,41,Mixto,0,COBB500 - 2015,1,,-1,Poultry
2.857,0.093,42,Mixto,0,COBB500 - 2015,1,,-1,Poultry
2.95,0.093,43,Mixto,0,COBB500 - 2015,1,,-1,Poultry
3.043,0.093,44,Mixto,0,COBB500 - 2015,1,,-1,Poultry
3.136,0.093,45,Mixto,0,COBB500 - 2015,1,,-1,Poultry
3.229,0.093,46,Mixto,0,COBB500 - 2015,1,,-1,Poultry
3.322,0.093,47,Mixto,0,COBB500 - 2015,1,,-1,Poultry
3.414,0.092,48,Mixto,0,COBB500 - 2015,1,,-1,Poultry
3.506,0.092,49,Mixto,0,COBB500 - 2015,1,,-1,Poultry
3.596,0.09,50,Mixto,0,COBB500 - 2015,1,,-1,Poultry
3.685,0.089,51,Mixto,0,COBB500 - 2015,1,,-1,Poultry
3.773,0.088,52,Mixto,0,COBB500 - 2015,1,,-1,Poultry
3.859,0.086,53,Mixto,0,COBB500 - 2015,1,,-1,Poultry
3.944,0.085,54,Mixto,0,COBB500 - 2015,1,,-1,Poultry
4.028,0.084,55,Mixto,0,COBB500 - 2015,1,,-1,Poultry
4.111,0.083,56,Mixto,0,COBB500 - 2015,1,,-1,Poultry
4.192,0.081,57,Mixto,0,COBB500 - 2015,1,,-1,Poultry
4.272,0.08,58,Mixto,0,COBB500 - 2015,1,,-1,Poultry
4.35,0.078,59,Mixto,0,COBB500 - 2015,1,,-1,Poultry
4.427,0.077,60,Mixto,0,COBB500 - 2015,1,,-1,Poultry
4.502,0.075,61,Mixto,0,COBB500 - 2015,1,,-1,Poultry
4.576,0.074,62,Mixto,0,COBB500 - 2015,1,,-1,Poultry
4.649,0.073,63,Mixto,0,COBB500 - 2015,1,,-1,Poultry
0.042,0.0,0,Hembra,0,COBB500 - 2015,1,,-1,Poultry
0.056,0.014,1,Hembra,0,COBB500 - 2015,1,,-1,Poultry
0.072,0.016,2,Hembra,0,COBB500 - 2015,1,,-1,Poultry
0.089,0.017,3,Hembra,0,COBB500 - 2015,1,,-1,Poultry
0.109,0.02,4,Hembra,0,COBB500 - 2015,1,,-1,Poultry
0.13,0.021,5,Hembra,0,COBB500 - 2015,1,,-1,Poultry
0.156,0.026,6,Hembra,0,COBB500 - 2015,1,,-1,Poultry
0.184,0.028,7,Hembra,0,COBB500 - 2015,1,,-1,Poultry
0.214,0.029,8,Hembra,0,COBB500 - 2015,1,,-1,Poultry
0.244,0.03,9,Hembra,0,COBB500 - 2015,1,,-1,Poultry
0.28,0.036,10,Hembra,0,COBB500 - 2015,1,,-1,Poultry
0.318,0.038,11,Hembra,0,COBB500 - 2015,1,,-1,Poultry
0.36,0.043,12,Hembra,0,COBB500 - 2015,1,,-1,Poultry
0.408,0.048,13,Hembra,0,COBB500 - 2015,1,,-1,Poultry
0.46,0.053,14,Hembra,0,COBB500 - 2015,1,,-1,Poultry
0.52,0.06,15,Hembra,0,COBB500 - 2015,1,,-1,Poultry
0.582,0.062,16,Hembra,0,COBB500 - 2015,1,,-1,Poultry
0.646,0.064,17,Hembra,0,COBB500 - 2015,1,,-1,Poultry
0.711,0.065,18,Hembra,0,COBB500 - 2015,1,,-1,Poultry
0.777,0.066,19,Hembra,0,COBB500 - 2015,1,,-1,Poultry
0.844,0.067,20,Hembra,0,COBB500 - 2015,1,,-1,Poultry
0.914,0.07,21,Hembra,0,COBB500 - 2015,1,,-1,Poultry
0.986,0.072,22,Hembra,0,COBB500 - 2015,1,,-1,Poultry
1.06,0.074,23,Hembra,0,COBB500 - 2015,1,,-1,Poultry
1.136,0.076,24,Hembra,0,COBB500 - 2015,1,,-1,Poultry
1.214,0.078,25,Hembra,0,COBB500 - 2015,1,,-1,Poultry
1.294,0.08,26,Hembra,0,COBB500 - 2015,1,,-1,Poultry
1.378,0.084,27,Hembra,0,COBB500 - 2015,1,,-1,Poultry
1.463,0.085,28,Hembra,0,COBB500 - 2015,1,,-1,Poultry
1.549,0.086,29,Hembra,0,COBB500 - 2015,1,,-1,Poultry
1.636,0.087,30,Hembra,0,COBB500 - 2015,1,,-1,Poultry
1.724,0.088,31,Hembra,0,COBB500 - 2015,1,,-1,Poultry
1.813,0.089,32,Hembra,0,COBB500 - 2015,1,,-1,Poultry
1.903,0.09,33,Hembra,0,COBB500 - 2015,1,,-1,Poultry
1.993,0.09,34,Hembra,0,COBB500 - 2015,1,,-1,Poultry
2.083,0.09,35,Hembra,0,COBB500 - 2015,1,,-1,Poultry
2.172,0.089,36,Hembra,0,COBB500 - 2015,1,,-1,Poultry
2.259,0.087,37,Hembra,0,COBB500 - 2015,1,,-1,Poultry
2.344,0.085,38,Hembra,0,COBB500 - 2015,1,,-1,Poultry
2.428,0.084,39,Hembra,0,COBB500 - 2015,1,,-1,Poultry
2.51,0.082,40,Hembra,0,COBB500 - 2015,1,,-1,Poultry
2.591,0.081,41,Hembra,0,COBB500 - 2015,1,,-1,Poultry
2.671,0.08,42,Hembra,0,COBB500 - 2015,1,,-1,Poultry
2.751,0.08,43,Hembra,0,COBB500 - 2015,1,,-1,Poultry
2.831,0.08,44,Hembra,0,COBB500 - 2015,1,,-1,Poultry
2.91,0.079,45,Hembra,0,COBB500 - 2015,1,,-1,Poultry
2.989,0.079,46,Hembra,0,COBB500 - 2015,1,,-1,Poultry
3.068,0.079,47,Hembra,0,COBB500 - 2015,1,,-1,Poultry
3.147,0.079,48,Hembra,0,COBB500 - 2015,1,,-1,Poultry
3.226,0.079,49,Hembra,0,COBB500 - 2015,1,,-1,Poultry
3.301,0.075,50,Hembra,0,COBB500 - 2015,1,,-1,Poultry
3.376,0.075,51,Hembra,0,COBB500 - 2015,1,,-1,Poultry
3.451,0.075,52,Hembra,0,COBB500 - 2015,1,,-1,Poultry
3.524,0.073,53,Hembra,0,COBB500 - 2015,1,,-1,Poultry
3.597,0.073,54,Hembra,0,COBB500 - 2015,1,,-1,Poultry
3.67,0.073,55,Hembra,0,COBB500 - 2015,1,,-1,Poultry
3.741,0.071,56,Hembra,0,COBB500 - 2015,1,,-1,Poultry
3.812,0.071,57,Hembra,0,COBB500 - 2015,1,,-1,Poultry
3.883,0.071,58,Hembra,0,COBB500 - 2015,1,,-1,Poultry
3.953,0.07,59,Hembra,0,COBB500 - 2015,1,,-1,Poultry
4.023,0.07,60,Hembra,0,COBB500 - 2015,1,,-1,Poultry
4.093,0.07,61,Hembra,0,COBB500 - 2015,1,,-1,Poultry
4.162,0.069,62,Hembra,0,COBB500 - 2015,1,,-1,Poultry
4.23,0.068,63,Hembra,0,COBB500 - 2015,1,,-1,Poultry
0.042,0.0,0,Macho,0,COBB500 - 2015,1,,-1,Poultry
0.056,0.014,1,Macho,0,COBB500 - 2015,1,,-1,Poultry
0.072,0.016,2,Macho,0,COBB500 - 2015,1,,-1,Poultry
0.089,0.017,3,Macho,0,COBB500 - 2015,1,,-1,Poultry
0.109,0.02,4,Macho,0,COBB500 - 2015,1,,-1,Poultry
0.131,0.022,5,Macho,0,COBB500 - 2015,1,,-1,Poultry
0.157,0.026,6,Macho,0,COBB500 - 2015,1,,-1,Poultry
0.186,0.029,7,Macho,0,COBB500 - 2015,1,,-1,Poultry
0.217,0.032,8,Macho,0,COBB500 - 2015,1,,-1,Poultry
0.25,0.033,9,Macho,0,COBB500 - 2015,1,,-1,Poultry
0.286,0.036,10,Macho,0,COBB500 - 2015,1,,-1,Poultry
0.324,0.038,11,Macho,0,COBB500 - 2015,1,,-1,Poultry
0.368,0.043,12,Macho,0,COBB500 - 2015,1,,-1,Poultry
0.416,0.048,13,Macho,0,COBB500 - 2015,1,,-1,Poultry
0.47,0.054,14,Macho,0,COBB500 - 2015,1,,-1,Poultry
0.528,0.058,15,Macho,0,COBB500 - 2015,1,,-1,Poultry
0.59,0.062,16,Macho,0,COBB500 - 2015,1,,-1,Poultry
0.656,0.066,17,Macho,0,COBB500 - 2015,1,,-1,Poultry
0.727,0.071,18,Macho,0,COBB500 - 2015,1,,-1,Poultry
0.803,0.076,19,Macho,0,COBB500 - 2015,1,,-1,Poultry
0.884,0.081,20,Macho,0,COBB500 - 2015,1,,-1,Poultry
0.971,0.087,21,Macho,0,COBB500 - 2015,1,,-1,Poultry
1.058,0.087,22,Macho,0,COBB500 - 2015,1,,-1,Poultry
1.145,0.087,23,Macho,0,COBB500 - 2015,1,,-1,Poultry
1.233,0.088,24,Macho,0,COBB500 - 2015,1,,-1,Poultry
1.321,0.088,25,Macho,0,COBB500 - 2015,1,,-1,Poultry
1.409,0.088,26,Macho,0,COBB500 - 2015,1,,-1,Poultry
1.497,0.088,27,Macho,0,COBB500 - 2015,1,,-1,Poultry
1.585,0.088,28,Macho,0,COBB500 - 2015,1,,-1,Poultry
1.677,0.092,29,Macho,0,COBB500 - 2015,1,,-1,Poultry
1.773,0.096,30,Macho,0,COBB500 - 2015,1,,-1,Poultry
1.873,0.1,31,Macho,0,COBB500 - 2015,1,,-1,Poultry
1.978,0.105,32,Macho,0,COBB500 - 2015,1,,-1,Poultry
2.085,0.107,33,Macho,0,COBB500 - 2015,1,,-1,Poultry
2.192,0.107,34,Macho,0,COBB500 - 2015,1,,-1,Poultry
2.299,0.107,35,Macho,0,COBB500 - 2015,1,,-1,Poultry
2.406,0.107,36,Macho,0,COBB500 - 2015,1,,-1,Poultry
2.513,0.107,37,Macho,0,COBB500 - 2015,1,,-1,Poultry
2.62,0.107,38,Macho,0,COBB500 - 2015,1,,-1,Poultry
2.726,0.106,39,Macho,0,COBB500 - 2015,1,,-1,Poultry
2.832,0.106,40,Macho,0,COBB500 - 2015,1,,-1,Poultry
2.938,0.106,41,Macho,0,COBB500 - 2015,1,,-1,Poultry
3.044,0.106,42,Macho,0,COBB500 - 2015,1,,-1,Poultry
3.15,0.106,43,Macho,0,COBB500 - 2015,1,,-1,Poultry
3.256,0.106,44,Macho,0,COBB500 - 2015,1,,-1,Poultry
3.362,0.106,45,Macho,0,COBB500 - 2015,1,,-1,Poultry
3.468,0.106,46,Macho,0,COBB500 - 2015,1,,-1,Poultry
3.574,0.106,47,Macho,0,COBB500 - 2015,1,,-1,Poultry
3.68,0.106,48,Macho,0,COBB500 - 2015,1,,-1,Poultry
3.786,0.106,49,Macho,0,COBB500 - 2015,1,,-1,Poultry
3.891,0.105,50,Macho,0,COBB500 - 2015,1,,-1,Poultry
3.994,0.103,51,Macho,0,COBB500 - 2015,1,,-1,Poultry
4.095,0.101,52,Macho,0,COBB500 - 2015,1,,-1,Poultry
4.194,0.099,53,Macho,0,COBB500 - 2015,1,,-1,Poultry
4.291,0.097,54,Macho,0,COBB500 - 2015,1,,-1,Poultry
4.386,0.095,55,Macho,0,COBB500 - 2015,1,,-1,Poultry
4.481,0.095,56,Macho,0,COBB500 - 2015,1,,-1,Poultry
4.573,0.092,57,Macho,0,COBB500 - 2015,1,,-1,Poultry
4.662,0.089,58,Macho,0,COBB500 - 2015,1,,-1,Poultry
4.748,0.086,59,Macho,0,COBB500 - 2015,1,,-1,Poultry
4.831,0.083,60,Macho,0,COBB500 - 2015,1,,-1,Poultry
4.912,0.081,61,Macho,0,COBB500 - 2015,1,,-1,Poultry
4.99,0.078,62,Macho,0,COBB500 - 2015,1,,-1,Poultry
5.068,0.078,63,Macho,0,COBB500 - 2015,1,,-1,Poultry
0.040353,-1.0,0,Hembra,1,TCA - 2022,3,Calida,1,Poultry
0.060529,-1.0,1,Hembra,1,TCA - 2022,3,Calida,1,Poultry
0.071098,-1.0,2,Hembra,1,TCA - 2022,3,Calida,1,Poultry
0.08551,-1.0,3,Hembra,1,TCA - 2022,3,Calida,1,Poultry
0.103765,-1.0,4,Hembra,1,TCA - 2022,3,Calida,1,Poultry
0.127784,-1.0,5,Hembra,1,TCA - 2022,3,Calida,1,Poultry
0.155647,-1.0,6,Hembra,1,TCA - 2022,3,Calida,1,Poultry
0.18351,-1.0,7,Hembra,1,TCA - 2022,3,Calida,1,Poultry
0.218098,-1.0,8,Hembra,1,TCA - 2022,3,Calida,1,Poultry
0.25653,-1.0,9,Hembra,1,TCA - 2022,3,Calida,1,Poultry
0.297843,-1.0,10,Hembra,1,TCA - 2022,3,Calida,1,Poultry
0.343961,-1.0,11,Hembra,1,TCA - 2022,3,Calida,1,Poultry
0.392961,-1.0,12,Hembra,1,TCA - 2022,3,Calida,1,Poultry
0.444844,-1.0,13,Hembra,1,TCA - 2022,3,Calida,1,Poultry
0.500569,-1.0,14,Hembra,1,TCA - 2022,3,Calida,1,Poultry
0.559177,-1.0,15,Hembra,1,TCA - 2022,3,Calida,1,Poultry
0.619706,-1.0,16,Hembra,1,TCA - 2022,3,Calida,1,Poultry
0.683118,-1.0,17,Hembra,1,TCA - 2022,3,Calida,1,Poultry
0.748452,-1.0,18,Hembra,1,TCA - 2022,3,Calida,1,Poultry
0.815707,-1.0,19,Hembra,1,TCA - 2022,3,Calida,1,Poultry
0.884883,-1.0,20,Hembra,1,TCA - 2022,3,Calida,1,Poultry
0.955981,-1.0,21,Hembra,1,TCA - 2022,3,Calida,1,Poultry
1.029,-1.0,22,Hembra,1,TCA - 2022,3,Calida,1,Poultry
1.10298,-1.0,23,Hembra,1,TCA - 2022,3,Calida,1,Poultry
1.17888,-1.0,24,Hembra,1,TCA - 2022,3,Calida,1,Poultry
1.25575,-1.0,25,Hembra,1,TCA - 2022,3,Calida,1,Poultry
1.33453,-1.0,26,Hembra,1,TCA - 2022,3,Calida,1,Poultry
1.41332,-1.0,27,Hembra,1,TCA - 2022,3,Calida,1,Poultry
1.49306,-1.0,28,Hembra,1,TCA - 2022,3,Calida,1,Poultry
1.57377,-1.0,29,Hembra,1,TCA - 2022,3,Calida,1,Poultry
1.65543,-1.0,30,Hembra,1,TCA - 2022,3,Calida,1,Poultry
1.7371,-1.0,31,Hembra,1,TCA - 2022,3,Calida,1,Poultry
1.81973,-1.0,32,Hembra,1,TCA - 2022,3,Calida,1,Poultry
1.90235,-1.0,33,Hembra,1,TCA - 2022,3,Calida,1,Poultry
1.98498,-1.0,34,Hembra,1,TCA - 2022,3,Calida,1,Poultry
2.06857,-1.0,35,Hembra,1,TCA - 2022,3,Calida,1,Poultry
2.15216,-1.0,36,Hembra,1,TCA - 2022,3,Calida,1,Poultry
2.23575,-1.0,37,Hembra,1,TCA - 2022,3,Calida,1,Poultry
2.31933,-1.0,38,Hembra,1,TCA - 2022,3,Calida,1,Poultry
2.40196,-1.0,39,Hembra,1,TCA - 2022,3,Calida,1,Poultry
2.48459,-1.0,40,Hembra,1,TCA - 2022,3,Calida,1,Poultry
2.56722,-1.0,41,Hembra,1,TCA - 2022,3,Calida,1,Poultry
2.64985,-1.0,42,Hembra,1,TCA - 2022,3,Calida,1,Poultry
2.73151,-1.0,43,Hembra,1,TCA - 2022,3,Calida,1,Poultry
2.81222,-1.0,44,Hembra,1,TCA - 2022,3,Calida,1,Poultry
2.89292,-1.0,45,Hembra,1,TCA - 2022,3,Calida,1,Poultry
2.97267,-1.0,46,Hembra,1,TCA - 2022,3,Calida,1,Poultry
3.05241,-1.0,47,Hembra,1,TCA - 2022,3,Calida,1,Poultry
3.13216,-1.0,48,Hembra,1,TCA - 2022,3,Calida,1,Poultry
3.21094,-1.0,49,Hembra,1,TCA - 2022,3,Calida,1,Poultry
3.28685,-1.0,50,Hembra,1,TCA - 2022,3,Calida,1,Poultry
3.36179,-1.0,51,Hembra,1,TCA - 2022,3,Calida,1,Poultry
3.43577,-1.0,52,Hembra,1,TCA - 2022,3,Calida,1,Poultry
3.50879,-1.0,53,Hembra,1,TCA - 2022,3,Calida,1,Poultry
3.58181,-1.0,54,Hembra,1,TCA - 2022,3,Calida,1,Poultry
3.65483,-1.0,55,Hembra,1,TCA - 2022,3,Calida,1,Poultry
3.72592,-1.0,56,Hembra,1,TCA - 2022,3,Calida,1,Poultry
3.79702,-1.0,57,Hembra,1,TCA - 2022,3,Calida,1,Poultry
3.8662,-1.0,58,Hembra,1,TCA - 2022,3,Calida,1,Poultry
3.93345,-1.0,59,Hembra,1,TCA - 2022,3,Calida,1,Poultry
4.00071,-1.0,60,Hembra,1,TCA - 2022,3,Calida,1,Poultry
4.067,-1.0,61,Hembra,1,TCA - 2022,3,Calida,1,Poultry
4.1333,-1.0,62,Hembra,1,TCA - 2022,3,Calida,1,Poultry
4.19863,-1.0,63,Hembra,1,TCA - 2022,3,Calida,1,Poultry
0.040776,-1.0,0,Hembra,1,TCA - 2022,3,Frio,1,Poultry
0.061164,-1.0,1,Hembra,1,TCA - 2022,3,Frio,1,Poultry
0.071843,-1.0,2,Hembra,1,TCA - 2022,3,Frio,1,Poultry
0.086406,-1.0,3,Hembra,1,TCA - 2022,3,Frio,1,Poultry
0.104852,-1.0,4,Hembra,1,TCA - 2022,3,Frio,1,Poultry
0.129124,-1.0,5,Hembra,1,TCA - 2022,3,Frio,1,Poultry
0.157278,-1.0,6,Hembra,1,TCA - 2022,3,Frio,1,Poultry
0.185433,-1.0,7,Hembra,1,TCA - 2022,3,Frio,1,Poultry
0.220384,-1.0,8,Hembra,1,TCA - 2022,3,Frio,1,Poultry
0.259218,-1.0,9,Hembra,1,TCA - 2022,3,Frio,1,Poultry
0.300965,-1.0,10,Hembra,1,TCA - 2022,3,Frio,1,Poultry
0.347566,-1.0,11,Hembra,1,TCA - 2022,3,Frio,1,Poultry
0.39708,-1.0,12,Hembra,1,TCA - 2022,3,Frio,1,Poultry
0.449506,-1.0,13,Hembra,1,TCA - 2022,3,Frio,1,Poultry
0.505815,-1.0,14,Hembra,1,TCA - 2022,3,Frio,1,Poultry
0.565037,-1.0,15,Hembra,1,TCA - 2022,3,Frio,1,Poultry
0.626201,-1.0,16,Hembra,1,TCA - 2022,3,Frio,1,Poultry
0.690278,-1.0,17,Hembra,1,TCA - 2022,3,Frio,1,Poultry
0.756296,-1.0,18,Hembra,1,TCA - 2022,3,Frio,1,Poultry
0.824256,-1.0,19,Hembra,1,TCA - 2022,3,Frio,1,Poultry
0.894157,-1.0,20,Hembra,1,TCA - 2022,3,Frio,1,Poultry
0.966001,-1.0,21,Hembra,1,TCA - 2022,3,Frio,1,Poultry
1.03979,-1.0,22,Hembra,1,TCA - 2022,3,Frio,1,Poultry
1.11454,-1.0,23,Hembra,1,TCA - 2022,3,Frio,1,Poultry
1.19124,-1.0,24,Hembra,1,TCA - 2022,3,Frio,1,Poultry
1.26891,-1.0,25,Hembra,1,TCA - 2022,3,Frio,1,Poultry
1.34852,-1.0,26,Hembra,1,TCA - 2022,3,Frio,1,Poultry
1.42813,-1.0,27,Hembra,1,TCA - 2022,3,Frio,1,Poultry
1.50871,-1.0,28,Hembra,1,TCA - 2022,3,Frio,1,Poultry
1.59026,-1.0,29,Hembra,1,TCA - 2022,3,Frio,1,Poultry
1.67278,-1.0,30,Hembra,1,TCA - 2022,3,Frio,1,Poultry
1.75531,-1.0,31,Hembra,1,TCA - 2022,3,Frio,1,Poultry
1.8388,-1.0,32,Hembra,1,TCA - 2022,3,Frio,1,Poultry
1.92229,-1.0,33,Hembra,1,TCA - 2022,3,Frio,1,Poultry
2.00579,-1.0,34,Hembra,1,TCA - 2022,3,Frio,1,Poultry
2.09025,-1.0,35,Hembra,1,TCA - 2022,3,Frio,1,Poultry
2.17472,-1.0,36,Hembra,1,TCA - 2022,3,Frio,1,Poultry
2.25918,-1.0,37,Hembra,1,TCA - 2022,3,Frio,1,Poultry
2.34364,-1.0,38,Hembra,1,TCA - 2022,3,Frio,1,Poultry
2.42714,-1.0,39,Hembra,1,TCA - 2022,3,Frio,1,Poultry
2.51063,-1.0,40,Hembra,1,TCA - 2022,3,Frio,1,Poultry
2.59412,-1.0,41,Hembra,1,TCA - 2022,3,Frio,1,Poultry
2.67762,-1.0,42,Hembra,1,TCA - 2022,3,Frio,1,Poultry
2.76014,-1.0,43,Hembra,1,TCA - 2022,3,Frio,1,Poultry
2.84169,-1.0,44,Hembra,1,TCA - 2022,3,Frio,1,Poultry
2.92324,-1.0,45,Hembra,1,TCA - 2022,3,Frio,1,Poultry
3.00382,-1.0,46,Hembra,1,TCA - 2022,3,Frio,1,Poultry
3.08441,-1.0,47,Hembra,1,TCA - 2022,3,Frio,1,Poultry
3.16499,-1.0,48,Hembra,1,TCA - 2022,3,Frio,1,Poultry
3.2446,-1.0,49,Hembra,1,TCA - 2022,3,Frio,1,Poultry
3.32129,-1.0,50,Hembra,1,TCA - 2022,3,Frio,1,Poultry
3.39702,-1.0,51,Hembra,1,TCA - 2022,3,Frio,1,Poultry
3.47178,-1.0,52,Hembra,1,TCA - 2022,3,Frio,1,Poultry
3.54556,-1.0,53,Hembra,1,TCA - 2022,3,Frio,1,Poultry
3.61935,-1.0,54,Hembra,1,TCA - 2022,3,Frio,1,Poultry
3.69313,-1.0,55,Hembra,1,TCA - 2022,3,Frio,1,Poultry
3.76498,-1.0,56,Hembra,1,TCA - 2022,3,Frio,1,Poultry
3.83682,-1.0,57,Hembra,1,TCA - 2022,3,Frio,1,Poultry
3.90672,-1.0,58,Hembra,1,TCA - 2022,3,Frio,1,Poultry
3.97468,-1.0,59,Hembra,1,TCA - 2022,3,Frio,1,Poultry
4.04264,-1.0,60,Hembra,1,TCA - 2022,3,Frio,1,Poultry
4.10963,-1.0,61,Hembra,1,TCA - 2022,3,Frio,1,Poultry
4.17662,-1.0,62,Hembra,1,TCA - 2022,3,Frio,1,Poultry
4.24263,-1.0,63,Hembra,1,TCA - 2022,3,Frio,1,Poultry
0.037284,-1.0,0,Hembra,1,TCA - 2022,2,Calida,1,Poultry
0.055926,-1.0,1,Hembra,1,TCA - 2022,2,Calida,1,Poultry
0.06569,-1.0,2,Hembra,1,TCA - 2022,2,Calida,1,Poultry
0.079006,-1.0,3,Hembra,1,TCA - 2022,2,Calida,1,Poultry
0.095872,-1.0,4,Hembra,1,TCA - 2022,2,Calida,1,Poultry
0.118065,-1.0,5,Hembra,1,TCA - 2022,2,Calida,1,Poultry
0.143809,-1.0,6,Hembra,1,TCA - 2022,2,Calida,1,Poultry
0.169552,-1.0,7,Hembra,1,TCA - 2022,2,Calida,1,Poultry
0.20151,-1.0,8,Hembra,1,TCA - 2022,2,Calida,1,Poultry
0.237018,-1.0,9,Hembra,1,TCA - 2022,2,Calida,1,Poultry
0.275189,-1.0,10,Hembra,1,TCA - 2022,2,Calida,1,Poultry
0.317799,-1.0,11,Hembra,1,TCA - 2022,2,Calida,1,Poultry
0.363072,-1.0,12,Hembra,1,TCA - 2022,2,Calida,1,Poultry
0.411008,-1.0,13,Hembra,1,TCA - 2022,2,Calida,1,Poultry
0.462495,-1.0,14,Hembra,1,TCA - 2022,2,Calida,1,Poultry
0.516646,-1.0,15,Hembra,1,TCA - 2022,2,Calida,1,Poultry
0.572571,-1.0,16,Hembra,1,TCA - 2022,2,Calida,1,Poultry
0.63116,-1.0,17,Hembra,1,TCA - 2022,2,Calida,1,Poultry
0.691524,-1.0,18,Hembra,1,TCA - 2022,2,Calida,1,Poultry
0.753663,-1.0,19,Hembra,1,TCA - 2022,2,Calida,1,Poultry
0.817578,-1.0,20,Hembra,1,TCA - 2022,2,Calida,1,Poultry
0.883269,-1.0,21,Hembra,1,TCA - 2022,2,Calida,1,Poultry
0.950734,-1.0,22,Hembra,1,TCA - 2022,2,Calida,1,Poultry
1.01909,-1.0,23,Hembra,1,TCA - 2022,2,Calida,1,Poultry
1.08922,-1.0,24,Hembra,1,TCA - 2022,2,Calida,1,Poultry
1.16023,-1.0,25,Hembra,1,TCA - 2022,2,Calida,1,Poultry
1.23302,-1.0,26,Hembra,1,TCA - 2022,2,Calida,1,Poultry
1.30582,-1.0,27,Hembra,1,TCA - 2022,2,Calida,1,Poultry
1.3795,-1.0,28,Hembra,1,TCA - 2022,2,Calida,1,Poultry
1.45406,-1.0,29,Hembra,1,TCA - 2022,2,Calida,1,Poultry
1.52952,-1.0,30,Hembra,1,TCA - 2022,2,Calida,1,Poultry
1.60497,-1.0,31,Hembra,1,TCA - 2022,2,Calida,1,Poultry
1.68132,-1.0,32,Hembra,1,TCA - 2022,2,Calida,1,Poultry
1.75766,-1.0,33,Hembra,1,TCA - 2022,2,Calida,1,Poultry
1.834,-1.0,34,Hembra,1,TCA - 2022,2,Calida,1,Poultry
1.91123,-1.0,35,Hembra,1,TCA - 2022,2,Calida,1,Poultry
1.98846,-1.0,36,Hembra,1,TCA - 2022,2,Calida,1,Poultry
2.0657,-1.0,37,Hembra,1,TCA - 2022,2,Calida,1,Poultry
2.14293,-1.0,38,Hembra,1,TCA - 2022,2,Calida,1,Poultry
2.21927,-1.0,39,Hembra,1,TCA - 2022,2,Calida,1,Poultry
2.29561,-1.0,40,Hembra,1,TCA - 2022,2,Calida,1,Poultry
2.37195,-1.0,41,Hembra,1,TCA - 2022,2,Calida,1,Poultry
2.4483,-1.0,42,Hembra,1,TCA - 2022,2,Calida,1,Poultry
2.52375,-1.0,43,Hembra,1,TCA - 2022,2,Calida,1,Poultry
2.59832,-1.0,44,Hembra,1,TCA - 2022,2,Calida,1,Poultry
2.67289,-1.0,45,Hembra,1,TCA - 2022,2,Calida,1,Poultry
2.74657,-1.0,46,Hembra,1,TCA - 2022,2,Calida,1,Poultry
2.82025,-1.0,47,Hembra,1,TCA - 2022,2,Calida,1,Poultry
2.89392,-1.0,48,Hembra,1,TCA - 2022,2,Calida,1,Poultry
2.96672,-1.0,49,Hembra,1,TCA - 2022,2,Calida,1,Poultry
3.03685,-1.0,50,Hembra,1,TCA - 2022,2,Calida,1,Poultry
3.10609,-1.0,51,Hembra,1,TCA - 2022,2,Calida,1,Poultry
3.17444,-1.0,52,Hembra,1,TCA - 2022,2,Calida,1,Poultry
3.24191,-1.0,53,Hembra,1,TCA - 2022,2,Calida,1,Poultry
3.30937,-1.0,54,Hembra,1,TCA - 2022,2,Calida,1,Poultry
3.37684,-1.0,55,Hembra,1,TCA - 2022,2,Calida,1,Poultry
3.44253,-1.0,56,Hembra,1,TCA - 2022,2,Calida,1,Poultry
3.50822,-1.0,57,Hembra,1,TCA - 2022,2,Calida,1,Poultry
3.57213,-1.0,58,Hembra,1,TCA - 2022,2,Calida,1,Poultry
3.63427,-1.0,59,Hembra,1,TCA - 2022,2,Calida,1,Poultry
3.69641,-1.0,60,Hembra,1,TCA - 2022,2,Calida,1,Poultry
3.75766,-1.0,61,Hembra,1,TCA - 2022,2,Calida,1,Poultry
3.81892,-1.0,62,Hembra,1,TCA - 2022,2,Calida,1,Poultry
3.87928,-1.0,63,Hembra,1,TCA - 2022,2,Calida,1,Poultry
0.038136,-1.0,0,Hembra,1,TCA - 2022,2,Frio,1,Poultry
0.057204,-1.0,1,Hembra,1,TCA - 2022,2,Frio,1,Poultry
0.067191,-1.0,2,Hembra,1,TCA - 2022,2,Frio,1,Poultry
0.080811,-1.0,3,Hembra,1,TCA - 2022,2,Frio,1,Poultry
0.098063,-1.0,4,Hembra,1,TCA - 2022,2,Frio,1,Poultry
0.120763,-1.0,5,Hembra,1,TCA - 2022,2,Frio,1,Poultry
0.147095,-1.0,6,Hembra,1,TCA - 2022,2,Frio,1,Poultry
0.173427,-1.0,7,Hembra,1,TCA - 2022,2,Frio,1,Poultry
0.206114,-1.0,8,Hembra,1,TCA - 2022,2,Frio,1,Poultry
0.242434,-1.0,9,Hembra,1,TCA - 2022,2,Frio,1,Poultry
0.281478,-1.0,10,Hembra,1,TCA - 2022,2,Frio,1,Poultry
0.325061,-1.0,11,Hembra,1,TCA - 2022,2,Frio,1,Poultry
0.371369,-1.0,12,Hembra,1,TCA - 2022,2,Frio,1,Poultry
0.420401,-1.0,13,Hembra,1,TCA - 2022,2,Frio,1,Poultry
0.473064,-1.0,14,Hembra,1,TCA - 2022,2,Frio,1,Poultry
0.528452,-1.0,15,Hembra,1,TCA - 2022,2,Frio,1,Poultry
0.585655,-1.0,16,Hembra,1,TCA - 2022,2,Frio,1,Poultry
0.645583,-1.0,17,Hembra,1,TCA - 2022,2,Frio,1,Poultry
0.707326,-1.0,18,Hembra,1,TCA - 2022,2,Frio,1,Poultry
0.770886,-1.0,19,Hembra,1,TCA - 2022,2,Frio,1,Poultry
0.836261,-1.0,20,Hembra,1,TCA - 2022,2,Frio,1,Poultry
0.903453,-1.0,21,Hembra,1,TCA - 2022,2,Frio,1,Poultry
0.97246,-1.0,22,Hembra,1,TCA - 2022,2,Frio,1,Poultry
1.04238,-1.0,23,Hembra,1,TCA - 2022,2,Frio,1,Poultry
1.11411,-1.0,24,Hembra,1,TCA - 2022,2,Frio,1,Poultry
1.18675,-1.0,25,Hembra,1,TCA - 2022,2,Frio,1,Poultry
1.2612,-1.0,26,Hembra,1,TCA - 2022,2,Frio,1,Poultry
1.33566,-1.0,27,Hembra,1,TCA - 2022,2,Frio,1,Poultry
1.41102,-1.0,28,Hembra,1,TCA - 2022,2,Frio,1,Poultry
1.48729,-1.0,29,Hembra,1,TCA - 2022,2,Frio,1,Poultry
1.56447,-1.0,30,Hembra,1,TCA - 2022,2,Frio,1,Poultry
1.64165,-1.0,31,Hembra,1,TCA - 2022,2,Frio,1,Poultry
1.71974,-1.0,32,Hembra,1,TCA - 2022,2,Frio,1,Poultry
1.79783,-1.0,33,Hembra,1,TCA - 2022,2,Frio,1,Poultry
1.87591,-1.0,34,Hembra,1,TCA - 2022,2,Frio,1,Poultry
1.95491,-1.0,35,Hembra,1,TCA - 2022,2,Frio,1,Poultry
2.0339,-1.0,36,Hembra,1,TCA - 2022,2,Frio,1,Poultry
2.1129,-1.0,37,Hembra,1,TCA - 2022,2,Frio,1,Poultry
2.19189,-1.0,38,Hembra,1,TCA - 2022,2,Frio,1,Poultry
2.26998,-1.0,39,Hembra,1,TCA - 2022,2,Frio,1,Poultry
2.34807,-1.0,40,Hembra,1,TCA - 2022,2,Frio,1,Poultry
2.42616,-1.0,41,Hembra,1,TCA - 2022,2,Frio,1,Poultry
2.50424,-1.0,42,Hembra,1,TCA - 2022,2,Frio,1,Poultry
2.58142,-1.0,43,Hembra,1,TCA - 2022,2,Frio,1,Poultry
2.6577,-1.0,44,Hembra,1,TCA - 2022,2,Frio,1,Poultry
2.73397,-1.0,45,Hembra,1,TCA - 2022,2,Frio,1,Poultry
2.80933,-1.0,46,Hembra,1,TCA - 2022,2,Frio,1,Poultry
2.88469,-1.0,47,Hembra,1,TCA - 2022,2,Frio,1,Poultry
2.96006,-1.0,48,Hembra,1,TCA - 2022,2,Frio,1,Poultry
3.03451,-1.0,49,Hembra,1,TCA - 2022,2,Frio,1,Poultry
3.10624,-1.0,50,Hembra,1,TCA - 2022,2,Frio,1,Poultry
3.17707,-1.0,51,Hembra,1,TCA - 2022,2,Frio,1,Poultry
3.24698,-1.0,52,Hembra,1,TCA - 2022,2,Frio,1,Poultry
3.31599,-1.0,53,Hembra,1,TCA - 2022,2,Frio,1,Poultry
3.385,-1.0,54,Hembra,1,TCA - 2022,2,Frio,1,Poultry
3.454,-1.0,55,Hembra,1,TCA - 2022,2,Frio,1,Poultry
3.5212,-1.0,56,Hembra,1,TCA - 2022,2,Frio,1,Poultry
3.58839,-1.0,57,Hembra,1,TCA - 2022,2,Frio,1,Poultry
3.65376,-1.0,58,Hembra,1,TCA - 2022,2,Frio,1,Poultry
3.71732,-1.0,59,Hembra,1,TCA - 2022,2,Frio,1,Poultry
3.78088,-1.0,60,Hembra,1,TCA - 2022,2,Frio,1,Poultry
3.84353,-1.0,61,Hembra,1,TCA - 2022,2,Frio,1,Poultry
3.90618,-1.0,62,Hembra,1,TCA - 2022,2,Frio,1,Poultry
3.96793,-1.0,63,Hembra,1,TCA - 2022,2,Frio,1,Poultry
0.038082,-1.0,0,Hembra,1,TCA - 2022,2,Calida,2,Poultry
0.057123,-1.0,1,Hembra,1,TCA - 2022,2,Calida,2,Poultry
0.067097,-1.0,2,Hembra,1,TCA - 2022,2,Calida,2,Poultry
0.080698,-1.0,3,Hembra,1,TCA - 2022,2,Calida,2,Poultry
0.097926,-1.0,4,Hembra,1,TCA - 2022,2,Calida,2,Poultry
0.120594,-1.0,5,Hembra,1,TCA - 2022,2,Calida,2,Poultry
0.146888,-1.0,6,Hembra,1,TCA - 2022,2,Calida,2,Poultry
0.173183,-1.0,7,Hembra,1,TCA - 2022,2,Calida,2,Poultry
0.205825,-1.0,8,Hembra,1,TCA - 2022,2,Calida,2,Poultry
0.242094,-1.0,9,Hembra,1,TCA - 2022,2,Calida,2,Poultry
0.281083,-1.0,10,Hembra,1,TCA - 2022,2,Calida,2,Poultry
0.324605,-1.0,11,Hembra,1,TCA - 2022,2,Calida,2,Poultry
0.370848,-1.0,12,Hembra,1,TCA - 2022,2,Calida,2,Poultry
0.419811,-1.0,13,Hembra,1,TCA - 2022,2,Calida,2,Poultry
0.4724,-1.0,14,Hembra,1,TCA - 2022,2,Calida,2,Poultry
0.52771,-1.0,15,Hembra,1,TCA - 2022,2,Calida,2,Poultry
0.584833,-1.0,16,Hembra,1,TCA - 2022,2,Calida,2,Poultry
0.644677,-1.0,17,Hembra,1,TCA - 2022,2,Calida,2,Poultry
0.706334,-1.0,18,Hembra,1,TCA - 2022,2,Calida,2,Poultry
0.769804,-1.0,19,Hembra,1,TCA - 2022,2,Calida,2,Poultry
0.835088,-1.0,20,Hembra,1,TCA - 2022,2,Calida,2,Poultry
0.902185,-1.0,21,Hembra,1,TCA - 2022,2,Calida,2,Poultry
0.971095,-1.0,22,Hembra,1,TCA - 2022,2,Calida,2,Poultry
1.04091,-1.0,23,Hembra,1,TCA - 2022,2,Calida,2,Poultry
1.11254,-1.0,24,Hembra,1,TCA - 2022,2,Calida,2,Poultry
1.18508,-1.0,25,Hembra,1,TCA - 2022,2,Calida,2,Poultry
1.25943,-1.0,26,Hembra,1,TCA - 2022,2,Calida,2,Poultry
1.33378,-1.0,27,Hembra,1,TCA - 2022,2,Calida,2,Poultry
1.40904,-1.0,28,Hembra,1,TCA - 2022,2,Calida,2,Poultry
1.48521,-1.0,29,Hembra,1,TCA - 2022,2,Calida,2,Poultry
1.56228,-1.0,30,Hembra,1,TCA - 2022,2,Calida,2,Poultry
1.63935,-1.0,31,Hembra,1,TCA - 2022,2,Calida,2,Poultry
1.71732,-1.0,32,Hembra,1,TCA - 2022,2,Calida,2,Poultry
1.7953,-1.0,33,Hembra,1,TCA - 2022,2,Calida,2,Poultry
1.87328,-1.0,34,Hembra,1,TCA - 2022,2,Calida,2,Poultry
1.95217,-1.0,35,Hembra,1,TCA - 2022,2,Calida,2,Poultry
2.03105,-1.0,36,Hembra,1,TCA - 2022,2,Calida,2,Poultry
2.10993,-1.0,37,Hembra,1,TCA - 2022,2,Calida,2,Poultry
2.18882,-1.0,38,Hembra,1,TCA - 2022,2,Calida,2,Poultry
2.2668,-1.0,39,Hembra,1,TCA - 2022,2,Calida,2,Poultry
2.34477,-1.0,40,Hembra,1,TCA - 2022,2,Calida,2,Poultry
2.42275,-1.0,41,Hembra,1,TCA - 2022,2,Calida,2,Poultry
2.50073,-1.0,42,Hembra,1,TCA - 2022,2,Calida,2,Poultry
2.5778,-1.0,43,Hembra,1,TCA - 2022,2,Calida,2,Poultry
2.65396,-1.0,44,Hembra,1,TCA - 2022,2,Calida,2,Poultry
2.73013,-1.0,45,Hembra,1,TCA - 2022,2,Calida,2,Poultry
2.80539,-1.0,46,Hembra,1,TCA - 2022,2,Calida,2,Poultry
2.88064,-1.0,47,Hembra,1,TCA - 2022,2,Calida,2,Poultry
2.9559,-1.0,48,Hembra,1,TCA - 2022,2,Calida,2,Poultry
3.03025,-1.0,49,Hembra,1,TCA - 2022,2,Calida,2,Poultry
3.10188,-1.0,50,Hembra,1,TCA - 2022,2,Calida,2,Poultry
3.17261,-1.0,51,Hembra,1,TCA - 2022,2,Calida,2,Poultry
3.24242,-1.0,52,Hembra,1,TCA - 2022,2,Calida,2,Poultry
3.31134,-1.0,53,Hembra,1,TCA - 2022,2,Calida,2,Poultry
3.38025,-1.0,54,Hembra,1,TCA - 2022,2,Calida,2,Poultry
3.44916,-1.0,55,Hembra,1,TCA - 2022,2,Calida,2,Poultry
3.51625,-1.0,56,Hembra,1,TCA - 2022,2,Calida,2,Poultry
3.58335,-1.0,57,Hembra,1,TCA - 2022,2,Calida,2,Poultry
3.64863,-1.0,58,Hembra,1,TCA - 2022,2,Calida,2,Poultry
3.71211,-1.0,59,Hembra,1,TCA - 2022,2,Calida,2,Poultry
3.77557,-1.0,60,Hembra,1,TCA - 2022,2,Calida,2,Poultry
3.83814,-1.0,61,Hembra,1,TCA - 2022,2,Calida,2,Poultry
3.9007,-1.0,62,Hembra,1,TCA - 2022,2,Calida,2,Poultry
3.96236,-1.0,63,Hembra,1,TCA - 2022,2,Calida,2,Poultry
0.038028,-1.0,0,Hembra,1,TCA - 2022,2,Frio,2,Poultry
0.057042,-1.0,1,Hembra,1,TCA - 2022,2,Frio,2,Poultry
0.067002,-1.0,2,Hembra,1,TCA - 2022,2,Frio,2,Poultry
0.080583,-1.0,3,Hembra,1,TCA - 2022,2,Frio,2,Poultry
0.097786,-1.0,4,Hembra,1,TCA - 2022,2,Frio,2,Poultry
0.120422,-1.0,5,Hembra,1,TCA - 2022,2,Frio,2,Poultry
0.146679,-1.0,6,Hembra,1,TCA - 2022,2,Frio,2,Poultry
0.172937,-1.0,7,Hembra,1,TCA - 2022,2,Frio,2,Poultry
0.205532,-1.0,8,Hembra,1,TCA - 2022,2,Frio,2,Poultry
0.24175,-1.0,9,Hembra,1,TCA - 2022,2,Frio,2,Poultry
0.280683,-1.0,10,Hembra,1,TCA - 2022,2,Frio,2,Poultry
0.324144,-1.0,11,Hembra,1,TCA - 2022,2,Frio,2,Poultry
0.37032,-1.0,12,Hembra,1,TCA - 2022,2,Frio,2,Poultry
0.419214,-1.0,13,Hembra,1,TCA - 2022,2,Frio,2,Poultry
0.471728,-1.0,14,Hembra,1,TCA - 2022,2,Frio,2,Poultry
0.52696,-1.0,15,Hembra,1,TCA - 2022,2,Frio,2,Poultry
0.584002,-1.0,16,Hembra,1,TCA - 2022,2,Frio,2,Poultry
0.64376,-1.0,17,Hembra,1,TCA - 2022,2,Frio,2,Poultry
0.705329,-1.0,18,Hembra,1,TCA - 2022,2,Frio,2,Poultry
0.768709,-1.0,19,Hembra,1,TCA - 2022,2,Frio,2,Poultry
0.8339,-1.0,20,Hembra,1,TCA - 2022,2,Frio,2,Poultry
0.900902,-1.0,21,Hembra,1,TCA - 2022,2,Frio,2,Poultry
0.969714,-1.0,22,Hembra,1,TCA - 2022,2,Frio,2,Poultry
1.03943,-1.0,23,Hembra,1,TCA - 2022,2,Frio,2,Poultry
1.11096,-1.0,24,Hembra,1,TCA - 2022,2,Frio,2,Poultry
1.1834,-1.0,25,Hembra,1,TCA - 2022,2,Frio,2,Poultry
1.25764,-1.0,26,Hembra,1,TCA - 2022,2,Frio,2,Poultry
1.33189,-1.0,27,Hembra,1,TCA - 2022,2,Frio,2,Poultry
1.40704,-1.0,28,Hembra,1,TCA - 2022,2,Frio,2,Poultry
1.48309,-1.0,29,Hembra,1,TCA - 2022,2,Frio,2,Poultry
1.56005,-1.0,30,Hembra,1,TCA - 2022,2,Frio,2,Poultry
1.63701,-1.0,31,Hembra,1,TCA - 2022,2,Frio,2,Poultry
1.71488,-1.0,32,Hembra,1,TCA - 2022,2,Frio,2,Poultry
1.79275,-1.0,33,Hembra,1,TCA - 2022,2,Frio,2,Poultry
1.87062,-1.0,34,Hembra,1,TCA - 2022,2,Frio,2,Poultry
1.94939,-1.0,35,Hembra,1,TCA - 2022,2,Frio,2,Poultry
2.02816,-1.0,36,Hembra,1,TCA - 2022,2,Frio,2,Poultry
2.10693,-1.0,37,Hembra,1,TCA - 2022,2,Frio,2,Poultry
2.1857,-1.0,38,Hembra,1,TCA - 2022,2,Frio,2,Poultry
2.26357,-1.0,39,Hembra,1,TCA - 2022,2,Frio,2,Poultry
2.34144,-1.0,40,Hembra,1,TCA - 2022,2,Frio,2,Poultry
2.41931,-1.0,41,Hembra,1,TCA - 2022,2,Frio,2,Poultry
2.49717,-1.0,42,Hembra,1,TCA - 2022,2,Frio,2,Poultry
2.57413,-1.0,43,Hembra,1,TCA - 2022,2,Frio,2,Poultry
2.65019,-1.0,44,Hembra,1,TCA - 2022,2,Frio,2,Poultry
2.72625,-1.0,45,Hembra,1,TCA - 2022,2,Frio,2,Poultry
2.8014,-1.0,46,Hembra,1,TCA - 2022,2,Frio,2,Poultry
2.87655,-1.0,47,Hembra,1,TCA - 2022,2,Frio,2,Poultry
2.9517,-1.0,48,Hembra,1,TCA - 2022,2,Frio,2,Poultry
3.02594,-1.0,49,Hembra,1,TCA - 2022,2,Frio,2,Poultry
3.09747,-1.0,50,Hembra,1,TCA - 2022,2,Frio,2,Poultry
3.1681,-1.0,51,Hembra,1,TCA - 2022,2,Frio,2,Poultry
3.23781,-1.0,52,Hembra,1,TCA - 2022,2,Frio,2,Poultry
3.30663,-1.0,53,Hembra,1,TCA - 2022,2,Frio,2,Poultry
3.37544,-1.0,54,Hembra,1,TCA - 2022,2,Frio,2,Poultry
3.44425,-1.0,55,Hembra,1,TCA - 2022,2,Frio,2,Poultry
3.51125,-1.0,56,Hembra,1,TCA - 2022,2,Frio,2,Poultry
3.57825,-1.0,57,Hembra,1,TCA - 2022,2,Frio,2,Poultry
3.64345,-1.0,58,Hembra,1,TCA - 2022,2,Frio,2,Poultry
3.70683,-1.0,59,Hembra,1,TCA - 2022,2,Frio,2,Poultry
3.77021,-1.0,60,Hembra,1,TCA - 2022,2,Frio,2,Poultry
3.83268,-1.0,61,Hembra,1,TCA - 2022,2,Frio,2,Poultry
3.89515,-1.0,62,Hembra,1,TCA - 2022,2,Frio,2,Poultry
3.95672,-1.0,63,Hembra,1,TCA - 2022,2,Frio,2,Poultry
0.039869,-1.0,0,Hembra,1,TCA - 2022,4,Calida,2,Poultry
0.059803,-1.0,1,Hembra,1,TCA - 2022,4,Calida,2,Poultry
0.070245,-1.0,2,Hembra,1,TCA - 2022,4,Calida,2,Poultry
0.084484,-1.0,3,Hembra,1,TCA - 2022,4,Calida,2,Poultry
0.10252,-1.0,4,Hembra,1,TCA - 2022,4,Calida,2,Poultry
0.126251,-1.0,5,Hembra,1,TCA - 2022,4,Calida,2,Poultry
0.15378,-1.0,6,Hembra,1,TCA - 2022,4,Calida,2,Poultry
0.181308,-1.0,7,Hembra,1,TCA - 2022,4,Calida,2,Poultry
0.215482,-1.0,8,Hembra,1,TCA - 2022,4,Calida,2,Poultry
0.253452,-1.0,9,Hembra,1,TCA - 2022,4,Calida,2,Poultry
0.29427,-1.0,10,Hembra,1,TCA - 2022,4,Calida,2,Poultry
0.339834,-1.0,11,Hembra,1,TCA - 2022,4,Calida,2,Poultry
0.388247,-1.0,12,Hembra,1,TCA - 2022,4,Calida,2,Poultry
0.439507,-1.0,13,Hembra,1,TCA - 2022,4,Calida,2,Poultry
0.494564,-1.0,14,Hembra,1,TCA - 2022,4,Calida,2,Poultry
0.552468,-1.0,15,Hembra,1,TCA - 2022,4,Calida,2,Poultry
0.612272,-1.0,16,Hembra,1,TCA - 2022,4,Calida,2,Poultry
0.674923,-1.0,17,Hembra,1,TCA - 2022,4,Calida,2,Poultry
0.739472,-1.0,18,Hembra,1,TCA - 2022,4,Calida,2,Poultry
0.80592,-1.0,19,Hembra,1,TCA - 2022,4,Calida,2,Poultry
0.874267,-1.0,20,Hembra,1,TCA - 2022,4,Calida,2,Poultry
0.944512,-1.0,21,Hembra,1,TCA - 2022,4,Calida,2,Poultry
1.01666,-1.0,22,Hembra,1,TCA - 2022,4,Calida,2,Poultry
1.08975,-1.0,23,Hembra,1,TCA - 2022,4,Calida,2,Poultry
1.16474,-1.0,24,Hembra,1,TCA - 2022,4,Calida,2,Poultry
1.24068,-1.0,25,Hembra,1,TCA - 2022,4,Calida,2,Poultry
1.31852,-1.0,26,Hembra,1,TCA - 2022,4,Calida,2,Poultry
1.39636,-1.0,27,Hembra,1,TCA - 2022,4,Calida,2,Poultry
1.47515,-1.0,28,Hembra,1,TCA - 2022,4,Calida,2,Poultry
1.55489,-1.0,29,Hembra,1,TCA - 2022,4,Calida,2,Poultry
1.63557,-1.0,30,Hembra,1,TCA - 2022,4,Calida,2,Poultry
1.71626,-1.0,31,Hembra,1,TCA - 2022,4,Calida,2,Poultry
1.79789,-1.0,32,Hembra,1,TCA - 2022,4,Calida,2,Poultry
1.87953,-1.0,33,Hembra,1,TCA - 2022,4,Calida,2,Poultry
1.96117,-1.0,34,Hembra,1,TCA - 2022,4,Calida,2,Poultry
2.04375,-1.0,35,Hembra,1,TCA - 2022,4,Calida,2,Poultry
2.12634,-1.0,36,Hembra,1,TCA - 2022,4,Calida,2,Poultry
2.20892,-1.0,37,Hembra,1,TCA - 2022,4,Calida,2,Poultry
2.29151,-1.0,38,Hembra,1,TCA - 2022,4,Calida,2,Poultry
2.37315,-1.0,39,Hembra,1,TCA - 2022,4,Calida,2,Poultry
2.45478,-1.0,40,Hembra,1,TCA - 2022,4,Calida,2,Poultry
2.53642,-1.0,41,Hembra,1,TCA - 2022,4,Calida,2,Poultry
2.61805,-1.0,42,Hembra,1,TCA - 2022,4,Calida,2,Poultry
2.69874,-1.0,43,Hembra,1,TCA - 2022,4,Calida,2,Poultry
2.77848,-1.0,44,Hembra,1,TCA - 2022,4,Calida,2,Poultry
2.85822,-1.0,45,Hembra,1,TCA - 2022,4,Calida,2,Poultry
2.93701,-1.0,46,Hembra,1,TCA - 2022,4,Calida,2,Poultry
3.01579,-1.0,47,Hembra,1,TCA - 2022,4,Calida,2,Poultry
3.09458,-1.0,48,Hembra,1,TCA - 2022,4,Calida,2,Poultry
3.17242,-1.0,49,Hembra,1,TCA - 2022,4,Calida,2,Poultry
3.24741,-1.0,50,Hembra,1,TCA - 2022,4,Calida,2,Poultry
3.32146,-1.0,51,Hembra,1,TCA - 2022,4,Calida,2,Poultry
3.39455,-1.0,52,Hembra,1,TCA - 2022,4,Calida,2,Poultry
3.46669,-1.0,53,Hembra,1,TCA - 2022,4,Calida,2,Poultry
3.53884,-1.0,54,Hembra,1,TCA - 2022,4,Calida,2,Poultry
3.61098,-1.0,55,Hembra,1,TCA - 2022,4,Calida,2,Poultry
3.68122,-1.0,56,Hembra,1,TCA - 2022,4,Calida,2,Poultry
3.75147,-1.0,57,Hembra,1,TCA - 2022,4,Calida,2,Poultry
3.81981,-1.0,58,Hembra,1,TCA - 2022,4,Calida,2,Poultry
3.88626,-1.0,59,Hembra,1,TCA - 2022,4,Calida,2,Poultry
3.95271,-1.0,60,Hembra,1,TCA - 2022,4,Calida,2,Poultry
4.01821,-1.0,61,Hembra,1,TCA - 2022,4,Calida,2,Poultry
4.08371,-1.0,62,Hembra,1,TCA - 2022,4,Calida,2,Poultry
4.14826,-1.0,63,Hembra,1,TCA - 2022,4,Calida,2,Poultry
0.039872,-1.0,0,Hembra,1,TCA - 2022,4,Frio,2,Poultry
0.059808,-1.0,1,Hembra,1,TCA - 2022,4,Frio,2,Poultry
0.070251,-1.0,2,Hembra,1,TCA - 2022,4,Frio,2,Poultry
0.084491,-1.0,3,Hembra,1,TCA - 2022,4,Frio,2,Poultry
0.102528,-1.0,4,Hembra,1,TCA - 2022,4,Frio,2,Poultry
0.126262,-1.0,5,Hembra,1,TCA - 2022,4,Frio,2,Poultry
0.153793,-1.0,6,Hembra,1,TCA - 2022,4,Frio,2,Poultry
0.181323,-1.0,7,Hembra,1,TCA - 2022,4,Frio,2,Poultry
0.2155,-1.0,8,Hembra,1,TCA - 2022,4,Frio,2,Poultry
0.253473,-1.0,9,Hembra,1,TCA - 2022,4,Frio,2,Poultry
0.294295,-1.0,10,Hembra,1,TCA - 2022,4,Frio,2,Poultry
0.339863,-1.0,11,Hembra,1,TCA - 2022,4,Frio,2,Poultry
0.388279,-1.0,12,Hembra,1,TCA - 2022,4,Frio,2,Poultry
0.439543,-1.0,13,Hembra,1,TCA - 2022,4,Frio,2,Poultry
0.494605,-1.0,14,Hembra,1,TCA - 2022,4,Frio,2,Poultry
0.552514,-1.0,15,Hembra,1,TCA - 2022,4,Frio,2,Poultry
0.612322,-1.0,16,Hembra,1,TCA - 2022,4,Frio,2,Poultry
0.674979,-1.0,17,Hembra,1,TCA - 2022,4,Frio,2,Poultry
0.739534,-1.0,18,Hembra,1,TCA - 2022,4,Frio,2,Poultry
0.805987,-1.0,19,Hembra,1,TCA - 2022,4,Frio,2,Poultry
0.87434,-1.0,20,Hembra,1,TCA - 2022,4,Frio,2,Poultry
0.944591,-1.0,21,Hembra,1,TCA - 2022,4,Frio,2,Poultry
1.01674,-1.0,22,Hembra,1,TCA - 2022,4,Frio,2,Poultry
1.08984,-1.0,23,Hembra,1,TCA - 2022,4,Frio,2,Poultry
1.16484,-1.0,24,Hembra,1,TCA - 2022,4,Frio,2,Poultry
1.24078,-1.0,25,Hembra,1,TCA - 2022,4,Frio,2,Poultry
1.31863,-1.0,26,Hembra,1,TCA - 2022,4,Frio,2,Poultry
1.39647,-1.0,27,Hembra,1,TCA - 2022,4,Frio,2,Poultry
1.47527,-1.0,28,Hembra,1,TCA - 2022,4,Frio,2,Poultry
1.55501,-1.0,29,Hembra,1,TCA - 2022,4,Frio,2,Poultry
1.63571,-1.0,30,Hembra,1,TCA - 2022,4,Frio,2,Poultry
1.7164,-1.0,31,Hembra,1,TCA - 2022,4,Frio,2,Poultry
1.79805,-1.0,32,Hembra,1,TCA - 2022,4,Frio,2,Poultry
1.87969,-1.0,33,Hembra,1,TCA - 2022,4,Frio,2,Poultry
1.96133,-1.0,34,Hembra,1,TCA - 2022,4,Frio,2,Poultry
2.04392,-1.0,35,Hembra,1,TCA - 2022,4,Frio,2,Poultry
2.12651,-1.0,36,Hembra,1,TCA - 2022,4,Frio,2,Poultry
2.20911,-1.0,37,Hembra,1,TCA - 2022,4,Frio,2,Poultry
2.2917,-1.0,38,Hembra,1,TCA - 2022,4,Frio,2,Poultry
2.37334,-1.0,39,Hembra,1,TCA - 2022,4,Frio,2,Poultry
2.45499,-1.0,40,Hembra,1,TCA - 2022,4,Frio,2,Poultry
2.53663,-1.0,41,Hembra,1,TCA - 2022,4,Frio,2,Poultry
2.61827,-1.0,42,Hembra,1,TCA - 2022,4,Frio,2,Poultry
2.69897,-1.0,43,Hembra,1,TCA - 2022,4,Frio,2,Poultry
2.77871,-1.0,44,Hembra,1,TCA - 2022,4,Frio,2,Poultry
2.85845,-1.0,45,Hembra,1,TCA - 2022,4,Frio,2,Poultry
2.93725,-1.0,46,Hembra,1,TCA - 2022,4,Frio,2,Poultry
3.01604,-1.0,47,Hembra,1,TCA - 2022,4,Frio,2,Poultry
3.09484,-1.0,48,Hembra,1,TCA - 2022,4,Frio,2,Poultry
3.17268,-1.0,49,Hembra,1,TCA - 2022,4,Frio,2,Poultry
3.24768,-1.0,50,Hembra,1,TCA - 2022,4,Frio,2,Poultry
3.32173,-1.0,51,Hembra,1,TCA - 2022,4,Frio,2,Poultry
3.39483,-1.0,52,Hembra,1,TCA - 2022,4,Frio,2,Poultry
3.46698,-1.0,53,Hembra,1,TCA - 2022,4,Frio,2,Poultry
3.53913,-1.0,54,Hembra,1,TCA - 2022,4,Frio,2,Poultry
3.61128,-1.0,55,Hembra,1,TCA - 2022,4,Frio,2,Poultry
3.68153,-1.0,56,Hembra,1,TCA - 2022,4,Frio,2,Poultry
3.75178,-1.0,57,Hembra,1,TCA - 2022,4,Frio,2,Poultry
3.82013,-1.0,58,Hembra,1,TCA - 2022,4,Frio,2,Poultry
3.88659,-1.0,59,Hembra,1,TCA - 2022,4,Frio,2,Poultry
3.95304,-1.0,60,Hembra,1,TCA - 2022,4,Frio,2,Poultry
4.01854,-1.0,61,Hembra,1,TCA - 2022,4,Frio,2,Poultry
4.08405,-1.0,62,Hembra,1,TCA - 2022,4,Frio,2,Poultry
4.1486,-1.0,63,Hembra,1,TCA - 2022,4,Frio,2,Poultry
0.039446,-1.0,0,Macho,1,TCA - 2022,3,Calida,2,Poultry
0.059169,-1.0,1,Macho,1,TCA - 2022,3,Calida,2,Poultry
0.0695,-1.0,2,Macho,1,TCA - 2022,3,Calida,2,Poultry
0.084527,-1.0,3,Macho,1,TCA - 2022,3,Calida,2,Poultry
0.103311,-1.0,4,Macho,1,TCA - 2022,3,Calida,2,Poultry
0.126791,-1.0,5,Macho,1,TCA - 2022,3,Calida,2,Poultry
0.154028,-1.0,6,Macho,1,TCA - 2022,3,Calida,2,Poultry
0.182204,-1.0,7,Macho,1,TCA - 2022,3,Calida,2,Poultry
0.216015,-1.0,8,Macho,1,TCA - 2022,3,Calida,2,Poultry
0.254522,-1.0,9,Macho,1,TCA - 2022,3,Calida,2,Poultry
0.296785,-1.0,10,Macho,1,TCA - 2022,3,Calida,2,Poultry
0.342806,-1.0,11,Macho,1,TCA - 2022,3,Calida,2,Poultry
0.392583,-1.0,12,Macho,1,TCA - 2022,3,Calida,2,Poultry
0.445178,-1.0,13,Macho,1,TCA - 2022,3,Calida,2,Poultry
0.50153,-1.0,14,Macho,1,TCA - 2022,3,Calida,2,Poultry
0.560699,-1.0,15,Macho,1,TCA - 2022,3,Calida,2,Poultry
0.623625,-1.0,16,Macho,1,TCA - 2022,3,Calida,2,Poultry
0.688429,-1.0,17,Macho,1,TCA - 2022,3,Calida,2,Poultry
0.75699,-1.0,18,Macho,1,TCA - 2022,3,Calida,2,Poultry
0.828369,-1.0,19,Macho,1,TCA - 2022,3,Calida,2,Poultry
0.901626,-1.0,20,Macho,1,TCA - 2022,3,Calida,2,Poultry
0.97864,-1.0,21,Macho,1,TCA - 2022,3,Calida,2,Poultry
1.05753,-1.0,22,Macho,1,TCA - 2022,3,Calida,2,Poultry
1.1383,-1.0,23,Macho,1,TCA - 2022,3,Calida,2,Poultry
1.22095,-1.0,24,Macho,1,TCA - 2022,3,Calida,2,Poultry
1.30642,-1.0,25,Macho,1,TCA - 2022,3,Calida,2,Poultry
1.39376,-1.0,26,Macho,1,TCA - 2022,3,Calida,2,Poultry
1.48299,-1.0,27,Macho,1,TCA - 2022,3,Calida,2,Poultry
1.57315,-1.0,28,Macho,1,TCA - 2022,3,Calida,2,Poultry
1.66613,-1.0,29,Macho,1,TCA - 2022,3,Calida,2,Poultry
1.76005,-1.0,30,Macho,1,TCA - 2022,3,Calida,2,Poultry
1.85491,-1.0,31,Macho,1,TCA - 2022,3,Calida,2,Poultry
1.95165,-1.0,32,Macho,1,TCA - 2022,3,Calida,2,Poultry
2.04932,-1.0,33,Macho,1,TCA - 2022,3,Calida,2,Poultry
2.147,-1.0,34,Macho,1,TCA - 2022,3,Calida,2,Poultry
2.24655,-1.0,35,Macho,1,TCA - 2022,3,Calida,2,Poultry
2.34705,-1.0,36,Macho,1,TCA - 2022,3,Calida,2,Poultry
2.44754,-1.0,37,Macho,1,TCA - 2022,3,Calida,2,Poultry
2.54897,-1.0,38,Macho,1,TCA - 2022,3,Calida,2,Poultry
2.65041,-1.0,39,Macho,1,TCA - 2022,3,Calida,2,Poultry
2.75184,-1.0,40,Macho,1,TCA - 2022,3,Calida,2,Poultry
2.85327,-1.0,41,Macho,1,TCA - 2022,3,Calida,2,Poultry
2.95564,-1.0,42,Macho,1,TCA - 2022,3,Calida,2,Poultry
3.05708,-1.0,43,Macho,1,TCA - 2022,3,Calida,2,Poultry
3.15851,-1.0,44,Macho,1,TCA - 2022,3,Calida,2,Poultry
3.259,-1.0,45,Macho,1,TCA - 2022,3,Calida,2,Poultry
3.3595,-1.0,46,Macho,1,TCA - 2022,3,Calida,2,Poultry
3.45811,-1.0,47,Macho,1,TCA - 2022,3,Calida,2,Poultry
3.55673,-1.0,48,Macho,1,TCA - 2022,3,Calida,2,Poultry
3.6544,-1.0,49,Macho,1,TCA - 2022,3,Calida,2,Poultry
3.75114,-1.0,50,Macho,1,TCA - 2022,3,Calida,2,Poultry
3.846,-1.0,51,Macho,1,TCA - 2022,3,Calida,2,Poultry
3.93992,-1.0,52,Macho,1,TCA - 2022,3,Calida,2,Poultry
4.03196,-1.0,53,Macho,1,TCA - 2022,3,Calida,2,Poultry
4.12212,-1.0,54,Macho,1,TCA - 2022,3,Calida,2,Poultry
4.21135,-1.0,55,Macho,1,TCA - 2022,3,Calida,2,Poultry
4.29775,-1.0,56,Macho,1,TCA - 2022,3,Calida,2,Poultry
4.38228,-1.0,57,Macho,1,TCA - 2022,3,Calida,2,Poultry
4.46399,-1.0,58,Macho,1,TCA - 2022,3,Calida,2,Poultry
4.54382,-1.0,59,Macho,1,TCA - 2022,3,Calida,2,Poultry
4.62083,-1.0,60,Macho,1,TCA - 2022,3,Calida,2,Poultry
4.69503,-1.0,61,Macho,1,TCA - 2022,3,Calida,2,Poultry
4.76641,-1.0,62,Macho,1,TCA - 2022,3,Calida,2,Poultry
4.83497,-1.0,63,Macho,1,TCA - 2022,3,Calida,2,Poultry
0.03924,-1.0,0,Macho,1,TCA - 2022,3,Frio,2,Poultry
0.05886,-1.0,1,Macho,1,TCA - 2022,3,Frio,2,Poultry
0.069137,-1.0,2,Macho,1,TCA - 2022,3,Frio,2,Poultry
0.084086,-1.0,3,Macho,1,TCA - 2022,3,Frio,2,Poultry
0.102772,-1.0,4,Macho,1,TCA - 2022,3,Frio,2,Poultry
0.126129,-1.0,5,Macho,1,TCA - 2022,3,Frio,2,Poultry
0.153223,-1.0,6,Macho,1,TCA - 2022,3,Frio,2,Poultry
0.181252,-1.0,7,Macho,1,TCA - 2022,3,Frio,2,Poultry
0.214886,-1.0,8,Macho,1,TCA - 2022,3,Frio,2,Poultry
0.253192,-1.0,9,Macho,1,TCA - 2022,3,Frio,2,Poultry
0.295235,-1.0,10,Macho,1,TCA - 2022,3,Frio,2,Poultry
0.341015,-1.0,11,Macho,1,TCA - 2022,3,Frio,2,Poultry
0.390533,-1.0,12,Macho,1,TCA - 2022,3,Frio,2,Poultry
0.442853,-1.0,13,Macho,1,TCA - 2022,3,Frio,2,Poultry
0.49891,-1.0,14,Macho,1,TCA - 2022,3,Frio,2,Poultry
0.55777,-1.0,15,Macho,1,TCA - 2022,3,Frio,2,Poultry
0.620368,-1.0,16,Macho,1,TCA - 2022,3,Frio,2,Poultry
0.684834,-1.0,17,Macho,1,TCA - 2022,3,Frio,2,Poultry
0.753037,-1.0,18,Macho,1,TCA - 2022,3,Frio,2,Poultry
0.824043,-1.0,19,Macho,1,TCA - 2022,3,Frio,2,Poultry
0.896917,-1.0,20,Macho,1,TCA - 2022,3,Frio,2,Poultry
0.973529,-1.0,21,Macho,1,TCA - 2022,3,Frio,2,Poultry
1.05201,-1.0,22,Macho,1,TCA - 2022,3,Frio,2,Poultry
1.13236,-1.0,23,Macho,1,TCA - 2022,3,Frio,2,Poultry
1.21458,-1.0,24,Macho,1,TCA - 2022,3,Frio,2,Poultry
1.29959,-1.0,25,Macho,1,TCA - 2022,3,Frio,2,Poultry
1.38648,-1.0,26,Macho,1,TCA - 2022,3,Frio,2,Poultry
1.47524,-1.0,27,Macho,1,TCA - 2022,3,Frio,2,Poultry
1.56493,-1.0,28,Macho,1,TCA - 2022,3,Frio,2,Poultry
1.65743,-1.0,29,Macho,1,TCA - 2022,3,Frio,2,Poultry
1.75086,-1.0,30,Macho,1,TCA - 2022,3,Frio,2,Poultry
1.84522,-1.0,31,Macho,1,TCA - 2022,3,Frio,2,Poultry
1.94145,-1.0,32,Macho,1,TCA - 2022,3,Frio,2,Poultry
2.03862,-1.0,33,Macho,1,TCA - 2022,3,Frio,2,Poultry
2.13578,-1.0,34,Macho,1,TCA - 2022,3,Frio,2,Poultry
2.23482,-1.0,35,Macho,1,TCA - 2022,3,Frio,2,Poultry
2.33479,-1.0,36,Macho,1,TCA - 2022,3,Frio,2,Poultry
2.43476,-1.0,37,Macho,1,TCA - 2022,3,Frio,2,Poultry
2.53566,-1.0,38,Macho,1,TCA - 2022,3,Frio,2,Poultry
2.63656,-1.0,39,Macho,1,TCA - 2022,3,Frio,2,Poultry
2.73747,-1.0,40,Macho,1,TCA - 2022,3,Frio,2,Poultry
2.83837,-1.0,41,Macho,1,TCA - 2022,3,Frio,2,Poultry
2.94021,-1.0,42,Macho,1,TCA - 2022,3,Frio,2,Poultry
3.04111,-1.0,43,Macho,1,TCA - 2022,3,Frio,2,Poultry
3.14201,-1.0,44,Macho,1,TCA - 2022,3,Frio,2,Poultry
3.24198,-1.0,45,Macho,1,TCA - 2022,3,Frio,2,Poultry
3.34195,-1.0,46,Macho,1,TCA - 2022,3,Frio,2,Poultry
3.44005,-1.0,47,Macho,1,TCA - 2022,3,Frio,2,Poultry
3.53815,-1.0,48,Macho,1,TCA - 2022,3,Frio,2,Poultry
3.63532,-1.0,49,Macho,1,TCA - 2022,3,Frio,2,Poultry
3.73155,-1.0,50,Macho,1,TCA - 2022,3,Frio,2,Poultry
3.82591,-1.0,51,Macho,1,TCA - 2022,3,Frio,2,Poultry
3.91934,-1.0,52,Macho,1,TCA - 2022,3,Frio,2,Poultry
4.0109,-1.0,53,Macho,1,TCA - 2022,3,Frio,2,Poultry
4.10059,-1.0,54,Macho,1,TCA - 2022,3,Frio,2,Poultry
4.18935,-1.0,55,Macho,1,TCA - 2022,3,Frio,2,Poultry
4.2753,-1.0,56,Macho,1,TCA - 2022,3,Frio,2,Poultry
4.35939,-1.0,57,Macho,1,TCA - 2022,3,Frio,2,Poultry
4.44067,-1.0,58,Macho,1,TCA - 2022,3,Frio,2,Poultry
4.52009,-1.0,59,Macho,1,TCA - 2022,3,Frio,2,Poultry
4.5967,-1.0,60,Macho,1,TCA - 2022,3,Frio,2,Poultry
4.67051,-1.0,61,Macho,1,TCA - 2022,3,Frio,2,Poultry
4.74152,-1.0,62,Macho,1,TCA - 2022,3,Frio,2,Poultry
4.80972,-1.0,63,Macho,1,TCA - 2022,3,Frio,2,Poultry
0.04049,-1.0,0,Macho,1,TCA - 2022,4,Calida,2,Poultry
0.060735,-1.0,1,Macho,1,TCA - 2022,4,Calida,2,Poultry
0.071339,-1.0,2,Macho,1,TCA - 2022,4,Calida,2,Poultry
0.086764,-1.0,3,Macho,1,TCA - 2022,4,Calida,2,Poultry
0.106045,-1.0,4,Macho,1,TCA - 2022,4,Calida,2,Poultry
0.130146,-1.0,5,Macho,1,TCA - 2022,4,Calida,2,Poultry
0.158103,-1.0,6,Macho,1,TCA - 2022,4,Calida,2,Poultry
0.187025,-1.0,7,Macho,1,TCA - 2022,4,Calida,2,Poultry
0.22173,-1.0,8,Macho,1,TCA - 2022,4,Calida,2,Poultry
0.261256,-1.0,9,Macho,1,TCA - 2022,4,Calida,2,Poultry
0.304638,-1.0,10,Macho,1,TCA - 2022,4,Calida,2,Poultry
0.351876,-1.0,11,Macho,1,TCA - 2022,4,Calida,2,Poultry
0.402971,-1.0,12,Macho,1,TCA - 2022,4,Calida,2,Poultry
0.456957,-1.0,13,Macho,1,TCA - 2022,4,Calida,2,Poultry
0.5148,-1.0,14,Macho,1,TCA - 2022,4,Calida,2,Poultry
0.575535,-1.0,15,Macho,1,TCA - 2022,4,Calida,2,Poultry
0.640126,-1.0,16,Macho,1,TCA - 2022,4,Calida,2,Poultry
0.706645,-1.0,17,Macho,1,TCA - 2022,4,Calida,2,Poultry
0.77702,-1.0,18,Macho,1,TCA - 2022,4,Calida,2,Poultry
0.850288,-1.0,19,Macho,1,TCA - 2022,4,Calida,2,Poultry
0.925483,-1.0,20,Macho,1,TCA - 2022,4,Calida,2,Poultry
1.00453,-1.0,21,Macho,1,TCA - 2022,4,Calida,2,Poultry
1.08552,-1.0,22,Macho,1,TCA - 2022,4,Calida,2,Poultry
1.16842,-1.0,23,Macho,1,TCA - 2022,4,Calida,2,Poultry
1.25326,-1.0,24,Macho,1,TCA - 2022,4,Calida,2,Poultry
1.34099,-1.0,25,Macho,1,TCA - 2022,4,Calida,2,Poultry
1.43064,-1.0,26,Macho,1,TCA - 2022,4,Calida,2,Poultry
1.52223,-1.0,27,Macho,1,TCA - 2022,4,Calida,2,Poultry
1.61478,-1.0,28,Macho,1,TCA - 2022,4,Calida,2,Poultry
1.71022,-1.0,29,Macho,1,TCA - 2022,4,Calida,2,Poultry
1.80662,-1.0,30,Macho,1,TCA - 2022,4,Calida,2,Poultry
1.90399,-1.0,31,Macho,1,TCA - 2022,4,Calida,2,Poultry
2.00329,-1.0,32,Macho,1,TCA - 2022,4,Calida,2,Poultry
2.10355,-1.0,33,Macho,1,TCA - 2022,4,Calida,2,Poultry
2.20381,-1.0,34,Macho,1,TCA - 2022,4,Calida,2,Poultry
2.306,-1.0,35,Macho,1,TCA - 2022,4,Calida,2,Poultry
2.40915,-1.0,36,Macho,1,TCA - 2022,4,Calida,2,Poultry
2.5123,-1.0,37,Macho,1,TCA - 2022,4,Calida,2,Poultry
2.61642,-1.0,38,Macho,1,TCA - 2022,4,Calida,2,Poultry
2.72054,-1.0,39,Macho,1,TCA - 2022,4,Calida,2,Poultry
2.82465,-1.0,40,Macho,1,TCA - 2022,4,Calida,2,Poultry
2.92877,-1.0,41,Macho,1,TCA - 2022,4,Calida,2,Poultry
3.03385,-1.0,42,Macho,1,TCA - 2022,4,Calida,2,Poultry
3.13797,-1.0,43,Macho,1,TCA - 2022,4,Calida,2,Poultry
3.24208,-1.0,44,Macho,1,TCA - 2022,4,Calida,2,Poultry
3.34524,-1.0,45,Macho,1,TCA - 2022,4,Calida,2,Poultry
3.44839,-1.0,46,Macho,1,TCA - 2022,4,Calida,2,Poultry
3.54961,-1.0,47,Macho,1,TCA - 2022,4,Calida,2,Poultry
3.65084,-1.0,48,Macho,1,TCA - 2022,4,Calida,2,Poultry
3.7511,-1.0,49,Macho,1,TCA - 2022,4,Calida,2,Poultry
3.8504,-1.0,50,Macho,1,TCA - 2022,4,Calida,2,Poultry
3.94777,-1.0,51,Macho,1,TCA - 2022,4,Calida,2,Poultry
4.04417,-1.0,52,Macho,1,TCA - 2022,4,Calida,2,Poultry
4.13865,-1.0,53,Macho,1,TCA - 2022,4,Calida,2,Poultry
4.23119,-1.0,54,Macho,1,TCA - 2022,4,Calida,2,Poultry
4.32278,-1.0,55,Macho,1,TCA - 2022,4,Calida,2,Poultry
4.41147,-1.0,56,Macho,1,TCA - 2022,4,Calida,2,Poultry
4.49824,-1.0,57,Macho,1,TCA - 2022,4,Calida,2,Poultry
4.58211,-1.0,58,Macho,1,TCA - 2022,4,Calida,2,Poultry
4.66405,-1.0,59,Macho,1,TCA - 2022,4,Calida,2,Poultry
4.7431,-1.0,60,Macho,1,TCA - 2022,4,Calida,2,Poultry
4.81926,-1.0,61,Macho,1,TCA - 2022,4,Calida,2,Poultry
4.89253,-1.0,62,Macho,1,TCA - 2022,4,Calida,2,Poultry
4.9629,-1.0,63,Macho,1,TCA - 2022,4,Calida,2,Poultry
0.040085,-1.0,0,Macho,1,TCA - 2022,4,Frio,2,Poultry
0.060127,-1.0,1,Macho,1,TCA - 2022,4,Frio,2,Poultry
0.070626,-1.0,2,Macho,1,TCA - 2022,4,Frio,2,Poultry
0.085896,-1.0,3,Macho,1,TCA - 2022,4,Frio,2,Poultry
0.104984,-1.0,4,Macho,1,TCA - 2022,4,Frio,2,Poultry
0.128845,-1.0,5,Macho,1,TCA - 2022,4,Frio,2,Poultry
0.156522,-1.0,6,Macho,1,TCA - 2022,4,Frio,2,Poultry
0.185154,-1.0,7,Macho,1,TCA - 2022,4,Frio,2,Poultry
0.219513,-1.0,8,Macho,1,TCA - 2022,4,Frio,2,Poultry
0.258644,-1.0,9,Macho,1,TCA - 2022,4,Frio,2,Poultry
0.301592,-1.0,10,Macho,1,TCA - 2022,4,Frio,2,Poultry
0.348357,-1.0,11,Macho,1,TCA - 2022,4,Frio,2,Poultry
0.398941,-1.0,12,Macho,1,TCA - 2022,4,Frio,2,Poultry
0.452388,-1.0,13,Macho,1,TCA - 2022,4,Frio,2,Poultry
0.509652,-1.0,14,Macho,1,TCA - 2022,4,Frio,2,Poultry
0.569779,-1.0,15,Macho,1,TCA - 2022,4,Frio,2,Poultry
0.633724,-1.0,16,Macho,1,TCA - 2022,4,Frio,2,Poultry
0.699578,-1.0,17,Macho,1,TCA - 2022,4,Frio,2,Poultry
0.76925,-1.0,18,Macho,1,TCA - 2022,4,Frio,2,Poultry
0.841784,-1.0,19,Macho,1,TCA - 2022,4,Frio,2,Poultry
0.916228,-1.0,20,Macho,1,TCA - 2022,4,Frio,2,Poultry
0.994489,-1.0,21,Macho,1,TCA - 2022,4,Frio,2,Poultry
1.07466,-1.0,22,Macho,1,TCA - 2022,4,Frio,2,Poultry
1.15674,-1.0,23,Macho,1,TCA - 2022,4,Frio,2,Poultry
1.24073,-1.0,24,Macho,1,TCA - 2022,4,Frio,2,Poultry
1.32758,-1.0,25,Macho,1,TCA - 2022,4,Frio,2,Poultry
1.41634,-1.0,26,Macho,1,TCA - 2022,4,Frio,2,Poultry
1.507,-1.0,27,Macho,1,TCA - 2022,4,Frio,2,Poultry
1.59863,-1.0,28,Macho,1,TCA - 2022,4,Frio,2,Poultry
1.69311,-1.0,29,Macho,1,TCA - 2022,4,Frio,2,Poultry
1.78855,-1.0,30,Macho,1,TCA - 2022,4,Frio,2,Poultry
1.88495,-1.0,31,Macho,1,TCA - 2022,4,Frio,2,Poultry
1.98325,-1.0,32,Macho,1,TCA - 2022,4,Frio,2,Poultry
2.08251,-1.0,33,Macho,1,TCA - 2022,4,Frio,2,Poultry
2.18177,-1.0,34,Macho,1,TCA - 2022,4,Frio,2,Poultry
2.28293,-1.0,35,Macho,1,TCA - 2022,4,Frio,2,Poultry
2.38506,-1.0,36,Macho,1,TCA - 2022,4,Frio,2,Poultry
2.48718,-1.0,37,Macho,1,TCA - 2022,4,Frio,2,Poultry
2.59025,-1.0,38,Macho,1,TCA - 2022,4,Frio,2,Poultry
2.69333,-1.0,39,Macho,1,TCA - 2022,4,Frio,2,Poultry
2.7964,-1.0,40,Macho,1,TCA - 2022,4,Frio,2,Poultry
2.89948,-1.0,41,Macho,1,TCA - 2022,4,Frio,2,Poultry
3.00351,-1.0,42,Macho,1,TCA - 2022,4,Frio,2,Poultry
3.10659,-1.0,43,Macho,1,TCA - 2022,4,Frio,2,Poultry
3.20966,-1.0,44,Macho,1,TCA - 2022,4,Frio,2,Poultry
3.31178,-1.0,45,Macho,1,TCA - 2022,4,Frio,2,Poultry
3.4139,-1.0,46,Macho,1,TCA - 2022,4,Frio,2,Poultry
3.51412,-1.0,47,Macho,1,TCA - 2022,4,Frio,2,Poultry
3.61433,-1.0,48,Macho,1,TCA - 2022,4,Frio,2,Poultry
3.71359,-1.0,49,Macho,1,TCA - 2022,4,Frio,2,Poultry
3.81189,-1.0,50,Macho,1,TCA - 2022,4,Frio,2,Poultry
3.90828,-1.0,51,Macho,1,TCA - 2022,4,Frio,2,Poultry
4.00373,-1.0,52,Macho,1,TCA - 2022,4,Frio,2,Poultry
4.09726,-1.0,53,Macho,1,TCA - 2022,4,Frio,2,Poultry
4.18888,-1.0,54,Macho,1,TCA - 2022,4,Frio,2,Poultry
4.27955,-1.0,55,Macho,1,TCA - 2022,4,Frio,2,Poultry
4.36735,-1.0,56,Macho,1,TCA - 2022,4,Frio,2,Poultry
4.45325,-1.0,57,Macho,1,TCA - 2022,4,Frio,2,Poultry
4.53628,-1.0,58,Macho,1,TCA - 2022,4,Frio,2,Poultry
4.61741,-1.0,59,Macho,1,TCA - 2022,4,Frio,2,Poultry
4.69567,-1.0,60,Macho,1,TCA - 2022,4,Frio,2,Poultry
4.77107,-1.0,61,Macho,1,TCA - 2022,4,Frio,2,Poultry
4.8436,-1.0,62,Macho,1,TCA - 2022,4,Frio,2,Poultry
4.91327,-1.0,63,Macho,1,TCA - 2022,4,Frio,2,Poultry
0.039344,-1.0,0,Macho,1,TCA - 2022,2,Calida,2,Poultry
0.059015,-1.0,1,Macho,1,TCA - 2022,2,Calida,2,Poultry
0.06932,-1.0,2,Macho,1,TCA - 2022,2,Calida,2,Poultry
0.084308,-1.0,3,Macho,1,TCA - 2022,2,Calida,2,Poultry
0.103043,-1.0,4,Macho,1,TCA - 2022,2,Calida,2,Poultry
0.126461,-1.0,5,Macho,1,TCA - 2022,2,Calida,2,Poultry
0.153627,-1.0,6,Macho,1,TCA - 2022,2,Calida,2,Poultry
0.18173,-1.0,7,Macho,1,TCA - 2022,2,Calida,2,Poultry
0.215453,-1.0,8,Macho,1,TCA - 2022,2,Calida,2,Poultry
0.25386,-1.0,9,Macho,1,TCA - 2022,2,Calida,2,Poultry
0.296013,-1.0,10,Macho,1,TCA - 2022,2,Calida,2,Poultry
0.341914,-1.0,11,Macho,1,TCA - 2022,2,Calida,2,Poultry
0.391562,-1.0,12,Macho,1,TCA - 2022,2,Calida,2,Poultry
0.44402,-1.0,13,Macho,1,TCA - 2022,2,Calida,2,Poultry
0.500225,-1.0,14,Macho,1,TCA - 2022,2,Calida,2,Poultry
0.559241,-1.0,15,Macho,1,TCA - 2022,2,Calida,2,Poultry
0.622003,-1.0,16,Macho,1,TCA - 2022,2,Calida,2,Poultry
0.686639,-1.0,17,Macho,1,TCA - 2022,2,Calida,2,Poultry
0.755022,-1.0,18,Macho,1,TCA - 2022,2,Calida,2,Poultry
0.826215,-1.0,19,Macho,1,TCA - 2022,2,Calida,2,Poultry
0.899281,-1.0,20,Macho,1,TCA - 2022,2,Calida,2,Poultry
0.976095,-1.0,21,Macho,1,TCA - 2022,2,Calida,2,Poultry
1.05478,-1.0,22,Macho,1,TCA - 2022,2,Calida,2,Poultry
1.13534,-1.0,23,Macho,1,TCA - 2022,2,Calida,2,Poultry
1.21778,-1.0,24,Macho,1,TCA - 2022,2,Calida,2,Poultry
1.30302,-1.0,25,Macho,1,TCA - 2022,2,Calida,2,Poultry
1.39014,-1.0,26,Macho,1,TCA - 2022,2,Calida,2,Poultry
1.47913,-1.0,27,Macho,1,TCA - 2022,2,Calida,2,Poultry
1.56906,-1.0,28,Macho,1,TCA - 2022,2,Calida,2,Poultry
1.6618,-1.0,29,Macho,1,TCA - 2022,2,Calida,2,Poultry
1.75547,-1.0,30,Macho,1,TCA - 2022,2,Calida,2,Poultry
1.85008,-1.0,31,Macho,1,TCA - 2022,2,Calida,2,Poultry
1.94657,-1.0,32,Macho,1,TCA - 2022,2,Calida,2,Poultry
2.04399,-1.0,33,Macho,1,TCA - 2022,2,Calida,2,Poultry
2.14141,-1.0,34,Macho,1,TCA - 2022,2,Calida,2,Poultry
2.24071,-1.0,35,Macho,1,TCA - 2022,2,Calida,2,Poultry
2.34094,-1.0,36,Macho,1,TCA - 2022,2,Calida,2,Poultry
2.44117,-1.0,37,Macho,1,TCA - 2022,2,Calida,2,Poultry
2.54234,-1.0,38,Macho,1,TCA - 2022,2,Calida,2,Poultry
2.64351,-1.0,39,Macho,1,TCA - 2022,2,Calida,2,Poultry
2.74468,-1.0,40,Macho,1,TCA - 2022,2,Calida,2,Poultry
2.84585,-1.0,41,Macho,1,TCA - 2022,2,Calida,2,Poultry
2.94796,-1.0,42,Macho,1,TCA - 2022,2,Calida,2,Poultry
3.04913,-1.0,43,Macho,1,TCA - 2022,2,Calida,2,Poultry
3.1503,-1.0,44,Macho,1,TCA - 2022,2,Calida,2,Poultry
3.25053,-1.0,45,Macho,1,TCA - 2022,2,Calida,2,Poultry
3.35076,-1.0,46,Macho,1,TCA - 2022,2,Calida,2,Poultry
3.44912,-1.0,47,Macho,1,TCA - 2022,2,Calida,2,Poultry
3.54748,-1.0,48,Macho,1,TCA - 2022,2,Calida,2,Poultry
3.6449,-1.0,49,Macho,1,TCA - 2022,2,Calida,2,Poultry
3.74138,-1.0,50,Macho,1,TCA - 2022,2,Calida,2,Poultry
3.836,-1.0,51,Macho,1,TCA - 2022,2,Calida,2,Poultry
3.92967,-1.0,52,Macho,1,TCA - 2022,2,Calida,2,Poultry
4.02147,-1.0,53,Macho,1,TCA - 2022,2,Calida,2,Poultry
4.1114,-1.0,54,Macho,1,TCA - 2022,2,Calida,2,Poultry
4.20039,-1.0,55,Macho,1,TCA - 2022,2,Calida,2,Poultry
4.28657,-1.0,56,Macho,1,TCA - 2022,2,Calida,2,Poultry
4.37088,-1.0,57,Macho,1,TCA - 2022,2,Calida,2,Poultry
4.45238,-1.0,58,Macho,1,TCA - 2022,2,Calida,2,Poultry
4.532,-1.0,59,Macho,1,TCA - 2022,2,Calida,2,Poultry
4.60882,-1.0,60,Macho,1,TCA - 2022,2,Calida,2,Poultry
4.68282,-1.0,61,Macho,1,TCA - 2022,2,Calida,2,Poultry
4.75401,-1.0,62,Macho,1,TCA - 2022,2,Calida,2,Poultry
4.8224,-1.0,63,Macho,1,TCA - 2022,2,Calida,2,Poultry
0.040278,-1.0,0,Macho,1,TCA - 2022,2,Frio,2,Poultry
0.060416,-1.0,1,Macho,1,TCA - 2022,2,Frio,2,Poultry
0.070965,-1.0,2,Macho,1,TCA - 2022,2,Frio,2,Poultry
0.086309,-1.0,3,Macho,1,TCA - 2022,2,Frio,2,Poultry
0.105489,-1.0,4,Macho,1,TCA - 2022,2,Frio,2,Poultry
0.129464,-1.0,5,Macho,1,TCA - 2022,2,Frio,2,Poultry
0.157274,-1.0,6,Macho,1,TCA - 2022,2,Frio,2,Poultry
0.186044,-1.0,7,Macho,1,TCA - 2022,2,Frio,2,Poultry
0.220568,-1.0,8,Macho,1,TCA - 2022,2,Frio,2,Poultry
0.259886,-1.0,9,Macho,1,TCA - 2022,2,Frio,2,Poultry
0.303041,-1.0,10,Macho,1,TCA - 2022,2,Frio,2,Poultry
0.350031,-1.0,11,Macho,1,TCA - 2022,2,Frio,2,Poultry
0.400858,-1.0,12,Macho,1,TCA - 2022,2,Frio,2,Poultry
0.454561,-1.0,13,Macho,1,TCA - 2022,2,Frio,2,Poultry
0.512101,-1.0,14,Macho,1,TCA - 2022,2,Frio,2,Poultry
0.572517,-1.0,15,Macho,1,TCA - 2022,2,Frio,2,Poultry
0.63677,-1.0,16,Macho,1,TCA - 2022,2,Frio,2,Poultry
0.70294,-1.0,17,Macho,1,TCA - 2022,2,Frio,2,Poultry
0.772946,-1.0,18,Macho,1,TCA - 2022,2,Frio,2,Poultry
0.845829,-1.0,19,Macho,1,TCA - 2022,2,Frio,2,Poultry
0.920631,-1.0,20,Macho,1,TCA - 2022,2,Frio,2,Poultry
0.999268,-1.0,21,Macho,1,TCA - 2022,2,Frio,2,Poultry
1.07982,-1.0,22,Macho,1,TCA - 2022,2,Frio,2,Poultry
1.1623,-1.0,23,Macho,1,TCA - 2022,2,Frio,2,Poultry
1.24669,-1.0,24,Macho,1,TCA - 2022,2,Frio,2,Poultry
1.33396,-1.0,25,Macho,1,TCA - 2022,2,Frio,2,Poultry
1.42314,-1.0,26,Macho,1,TCA - 2022,2,Frio,2,Poultry
1.51425,-1.0,27,Macho,1,TCA - 2022,2,Frio,2,Poultry
1.60631,-1.0,28,Macho,1,TCA - 2022,2,Frio,2,Poultry
1.70125,-1.0,29,Macho,1,TCA - 2022,2,Frio,2,Poultry
1.79715,-1.0,30,Macho,1,TCA - 2022,2,Frio,2,Poultry
1.89401,-1.0,31,Macho,1,TCA - 2022,2,Frio,2,Poultry
1.99278,-1.0,32,Macho,1,TCA - 2022,2,Frio,2,Poultry
2.09252,-1.0,33,Macho,1,TCA - 2022,2,Frio,2,Poultry
2.19225,-1.0,34,Macho,1,TCA - 2022,2,Frio,2,Poultry
2.29391,-1.0,35,Macho,1,TCA - 2022,2,Frio,2,Poultry
2.39652,-1.0,36,Macho,1,TCA - 2022,2,Frio,2,Poultry
2.49913,-1.0,37,Macho,1,TCA - 2022,2,Frio,2,Poultry
2.6027,-1.0,38,Macho,1,TCA - 2022,2,Frio,2,Poultry
2.70627,-1.0,39,Macho,1,TCA - 2022,2,Frio,2,Poultry
2.80984,-1.0,40,Macho,1,TCA - 2022,2,Frio,2,Poultry
2.91341,-1.0,41,Macho,1,TCA - 2022,2,Frio,2,Poultry
3.01794,-1.0,42,Macho,1,TCA - 2022,2,Frio,2,Poultry
3.12151,-1.0,43,Macho,1,TCA - 2022,2,Frio,2,Poultry
3.22508,-1.0,44,Macho,1,TCA - 2022,2,Frio,2,Poultry
3.3277,-1.0,45,Macho,1,TCA - 2022,2,Frio,2,Poultry
3.43031,-1.0,46,Macho,1,TCA - 2022,2,Frio,2,Poultry
3.531,-1.0,47,Macho,1,TCA - 2022,2,Frio,2,Poultry
3.6317,-1.0,48,Macho,1,TCA - 2022,2,Frio,2,Poultry
3.73143,-1.0,49,Macho,1,TCA - 2022,2,Frio,2,Poultry
3.83021,-1.0,50,Macho,1,TCA - 2022,2,Frio,2,Poultry
3.92706,-1.0,51,Macho,1,TCA - 2022,2,Frio,2,Poultry
4.02296,-1.0,52,Macho,1,TCA - 2022,2,Frio,2,Poultry
4.11694,-1.0,53,Macho,1,TCA - 2022,2,Frio,2,Poultry
4.20901,-1.0,54,Macho,1,TCA - 2022,2,Frio,2,Poultry
4.30011,-1.0,55,Macho,1,TCA - 2022,2,Frio,2,Poultry
4.38834,-1.0,56,Macho,1,TCA - 2022,2,Frio,2,Poultry
4.47465,-1.0,57,Macho,1,TCA - 2022,2,Frio,2,Poultry
4.55808,-1.0,58,Macho,1,TCA - 2022,2,Frio,2,Poultry
4.6396,-1.0,59,Macho,1,TCA - 2022,2,Frio,2,Poultry
4.71823,-1.0,60,Macho,1,TCA - 2022,2,Frio,2,Poultry
4.79399,-1.0,61,Macho,1,TCA - 2022,2,Frio,2,Poultry
4.86688,-1.0,62,Macho,1,TCA - 2022,2,Frio,2,Poultry
4.93688,-1.0,63,Macho,1,TCA - 2022,2,Frio,2,Poultry
0.044,0.0,0,Macho,1,ROSS - 2020,1,,-1,Poultry
0.061,0.017,1,Macho,1,ROSS - 2020,1,,-1,Poultry
0.079,0.018,2,Macho,1,ROSS - 2020,1,,-1,Poultry
0.099,0.02,3,Macho,1,ROSS - 2020,1,,-1,Poultry
0.12,0.021,4,Macho,1,ROSS - 2020,1,,-1,Poultry
0.144,0.024,5,Macho,1,ROSS - 2020,1,,-1,Poultry
0.171,0.027,6,Macho,1,ROSS - 2020,1,,-1,Poultry
0.201,0.03,7,Macho,1,ROSS - 2020,1,,-1,Poultry
0.236,0.035,8,Macho,1,ROSS - 2020,1,,-1,Poultry
0.275,0.039,9,Macho,1,ROSS - 2020,1,,-1,Poultry
0.318,0.043,10,Macho,1,ROSS - 2020,1,,-1,Poultry
0.365,0.047,11,Macho,1,ROSS - 2020,1,,-1,Poultry
0.416,0.051,12,Macho,1,ROSS - 2020,1,,-1,Poultry
0.471,0.055,13,Macho,1,ROSS - 2020,1,,-1,Poultry
0.53,0.059,14,Macho,1,ROSS - 2020,1,,-1,Poultry
0.593,0.063,15,Macho,1,ROSS - 2020,1,,-1,Poultry
0.659,0.066,16,Macho,1,ROSS - 2020,1,,-1,Poultry
0.728,0.069,17,Macho,1,ROSS - 2020,1,,-1,Poultry
0.8,0.072,18,Macho,1,ROSS - 2020,1,,-1,Poultry
0.876,0.076,19,Macho,1,ROSS - 2020,1,,-1,Poultry
0.955,0.079,20,Macho,1,ROSS - 2020,1,,-1,Poultry
1.037,0.082,21,Macho,1,ROSS - 2020,1,,-1,Poultry
1.122,0.085,22,Macho,1,ROSS - 2020,1,,-1,Poultry
1.21,0.088,23,Macho,1,ROSS - 2020,1,,-1,Poultry
1.301,0.091,24,Macho,1,ROSS - 2020,1,,-1,Poultry
1.394,0.093,25,Macho,1,ROSS - 2020,1,,-1,Poultry
1.489,0.095,26,Macho,1,ROSS - 2020,1,,-1,Poultry
1.586,0.097,27,Macho,1,ROSS - 2020,1,,-1,Poultry
1.686,0.1,28,Macho,1,ROSS - 2020,1,,-1,Poultry
1.788,0.102,29,Macho,1,ROSS - 2020,1,,-1,Poultry
1.892,0.104,30,Macho,1,ROSS - 2020,1,,-1,Poultry
1.998,0.106,31,Macho,1,ROSS - 2020,1,,-1,Poultry
2.105,0.107,32,Macho,1,ROSS - 2020,1,,-1,Poultry
2.213,0.108,33,Macho,1,ROSS - 2020,1,,-1,Poultry
2.322,0.109,34,Macho,1,ROSS - 2020,1,,-1,Poultry
2.432,0.11,35,Macho,1,ROSS - 2020,1,,-1,Poultry
2.543,0.111,36,Macho,1,ROSS - 2020,1,,-1,Poultry
2.654,0.111,37,Macho,1,ROSS - 2020,1,,-1,Poultry
2.765,0.111,38,Macho,1,ROSS - 2020,1,,-1,Poultry
2.876,0.111,39,Macho,1,ROSS - 2020,1,,-1,Poultry
2.987,0.111,40,Macho,1,ROSS - 2020,1,,-1,Poultry
3.098,0.111,41,Macho,1,ROSS - 2020,1,,-1,Poultry
3.209,0.111,42,Macho,1,ROSS - 2020,1,,-1,Poultry
3.32,0.111,43,Macho,1,ROSS - 2020,1,,-1,Poultry
3.431,0.111,44,Macho,1,ROSS - 2020,1,,-1,Poultry
3.541,0.11,45,Macho,1,ROSS - 2020,1,,-1,Poultry
3.65,0.109,46,Macho,1,ROSS - 2020,1,,-1,Poultry
3.759,0.109,47,Macho,1,ROSS - 2020,1,,-1,Poultry
3.867,0.108,48,Macho,1,ROSS - 2020,1,,-1,Poultry
3.974,0.107,49,Macho,1,ROSS - 2020,1,,-1,Poultry
0.044,0.0,0,Hembra,1,ROSS - 2020,1,,-1,Poultry
0.06,0.016,1,Hembra,1,ROSS - 2020,1,,-1,Poultry
0.077,0.017,2,Hembra,1,ROSS - 2020,1,,-1,Poultry
0.096,0.019,3,Hembra,1,ROSS - 2020,1,,-1,Poultry
0.117,0.021,4,Hembra,1,ROSS - 2020,1,,-1,Poultry
0.14,0.023,5,Hembra,1,ROSS - 2020,1,,-1,Poultry
0.166,0.026,6,Hembra,1,ROSS - 2020,1,,-1,Poultry
0.195,0.029,7,Hembra,1,ROSS - 2020,1,,-1,Poultry
0.228,0.033,8,Hembra,1,ROSS - 2020,1,,-1,Poultry
0.265,0.037,9,Hembra,1,ROSS - 2020,1,,-1,Poultry
0.306,0.041,10,Hembra,1,ROSS - 2020,1,,-1,Poultry
0.35,0.044,11,Hembra,1,ROSS - 2020,1,,-1,Poultry
0.398,0.048,12,Hembra,1,ROSS - 2020,1,,-1,Poultry
0.449,0.051,13,Hembra,1,ROSS - 2020,1,,-1,Poultry
0.503,0.054,14,Hembra,1,ROSS - 2020,1,,-1,Poultry
0.56,0.057,15,Hembra,1,ROSS - 2020,1,,-1,Poultry
0.62,0.06,16,Hembra,1,ROSS - 2020,1,,-1,Poultry
0.683,0.063,17,Hembra,1,ROSS - 2020,1,,-1,Poultry
0.749,0.066,18,Hembra,1,ROSS - 2020,1,,-1,Poultry
0.818,0.069,19,Hembra,1,ROSS - 2020,1,,-1,Poultry
0.89,0.072,20,Hembra,1,ROSS - 2020,1,,-1,Poultry
0.965,0.075,21,Hembra,1,ROSS - 2020,1,,-1,Poultry
1.042,0.077,22,Hembra,1,ROSS - 2020,1,,-1,Poultry
1.121,0.079,23,Hembra,1,ROSS - 2020,1,,-1,Poultry
1.202,0.081,24,Hembra,1,ROSS - 2020,1,,-1,Poultry
1.285,0.083,25,Hembra,1,ROSS - 2020,1,,-1,Poultry
1.369,0.084,26,Hembra,1,ROSS - 2020,1,,-1,Poultry
1.455,0.086,27,Hembra,1,ROSS - 2020,1,,-1,Poultry
1.542,0.087,28,Hembra,1,ROSS - 2020,1,,-1,Poultry
1.63,0.088,29,Hembra,1,ROSS - 2020,1,,-1,Poultry
1.718,0.088,30,Hembra,1,ROSS - 2020,1,,-1,Poultry
1.807,0.089,31,Hembra,1,ROSS - 2020,1,,-1,Poultry
1.896,0.089,32,Hembra,1,ROSS - 2020,1,,-1,Poultry
1.986,0.09,33,Hembra,1,ROSS - 2020,1,,-1,Poultry
2.076,0.09,34,Hembra,1,ROSS - 2020,1,,-1,Poultry
2.167,0.091,35,Hembra,1,ROSS - 2020,1,,-1,Poultry
2.258,0.091,36,Hembra,1,ROSS - 2020,1,,-1,Poultry
2.349,0.091,37,Hembra,1,ROSS - 2020,1,,-1,Poultry
2.44,0.091,38,Hembra,1,ROSS - 2020,1,,-1,Poultry
2.531,0.091,39,Hembra,1,ROSS - 2020,1,,-1,Poultry
2.622,0.091,40,Hembra,1,ROSS - 2020,1,,-1,Poultry
2.712,0.09,41,Hembra,1,ROSS - 2020,1,,-1,Poultry
2.802,0.09,42,Hembra,1,ROSS - 2020,1,,-1,Poultry
2.891,0.089,43,Hembra,1,ROSS - 2020,1,,-1,Poultry
2.98,0.089,44,Hembra,1,ROSS - 2020,1,,-1,Poultry
3.068,0.088,45,Hembra,1,ROSS - 2020,1,,-1,Poultry
3.156,0.088,46,Hembra,1,ROSS - 2020,1,,-1,Poultry
3.243,0.087,47,Hembra,1,ROSS - 2020,1,,-1,Poultry
3.329,0.086,48,Hembra,1,ROSS - 2020,1,,-1,Poultry
3.414,0.085,49,Hembra,1,ROSS - 2020,1,,-1,Poultry
0.044,0.0,0,Mixto,1,ROSS - 2020,1,,-1,Poultry
0.0605,0.0165,1,Mixto,1,ROSS - 2020,1,,-1,Poultry
0.078,0.0175,2,Mixto,1,ROSS - 2020,1,,-1,Poultry
0.0975,0.0195,3,Mixto,1,ROSS - 2020,1,,-1,Poultry
0.1185,0.021,4,Mixto,1,ROSS - 2020,1,,-1,Poultry
0.142,0.0235,5,Mixto,1,ROSS - 2020,1,,-1,Poultry
0.1685,0.0265,6,Mixto,1,ROSS - 2020,1,,-1,Poultry
0.198,0.0295,7,Mixto,1,ROSS - 2020,1,,-1,Poultry
0.232,0.034,8,Mixto,1,ROSS - 2020,1,,-1,Poultry
0.27,0.038,9,Mixto,1,ROSS - 2020,1,,-1,Poultry
0.312,0.042,10,Mixto,1,ROSS - 2020,1,,-1,Poultry
0.3575,0.0455,11,Mixto,1,ROSS - 2020,1,,-1,Poultry
0.407,0.0495,12,Mixto,1,ROSS - 2020,1,,-1,Poultry
0.46,0.053,13,Mixto,1,ROSS - 2020,1,,-1,Poultry
0.5165,0.0565,14,Mixto,1,ROSS - 2020,1,,-1,Poultry
0.5765,0.06,15,Mixto,1,ROSS - 2020,1,,-1,Poultry
0.6395,0.063,16,Mixto,1,ROSS - 2020,1,,-1,Poultry
0.7055,0.066,17,Mixto,1,ROSS - 2020,1,,-1,Poultry
0.7745,0.069,18,Mixto,1,ROSS - 2020,1,,-1,Poultry
0.847,0.0725,19,Mixto,1,ROSS - 2020,1,,-1,Poultry
0.9225,0.0755,20,Mixto,1,ROSS - 2020,1,,-1,Poultry
1.001,0.0785,21,Mixto,1,ROSS - 2020,1,,-1,Poultry
1.082,0.081,22,Mixto,1,ROSS - 2020,1,,-1,Poultry
1.1655,0.0835,23,Mixto,1,ROSS - 2020,1,,-1,Poultry
1.2515,0.086,24,Mixto,1,ROSS - 2020,1,,-1,Poultry
1.3395,0.088,25,Mixto,1,ROSS - 2020,1,,-1,Poultry
1.429,0.0895,26,Mixto,1,ROSS - 2020,1,,-1,Poultry
1.5205,0.0915,27,Mixto,1,ROSS - 2020,1,,-1,Poultry
1.614,0.0935,28,Mixto,1,ROSS - 2020,1,,-1,Poultry
1.709,0.095,29,Mixto,1,ROSS - 2020,1,,-1,Poultry
1.805,0.096,30,Mixto,1,ROSS - 2020,1,,-1,Poultry
1.9025,0.0975,31,Mixto,1,ROSS - 2020,1,,-1,Poultry
2.0005,0.098,32,Mixto,1,ROSS - 2020,1,,-1,Poultry
2.0995,0.099,33,Mixto,1,ROSS - 2020,1,,-1,Poultry
2.199,0.0995,34,Mixto,1,ROSS - 2020,1,,-1,Poultry
2.2995,0.1005,35,Mixto,1,ROSS - 2020,1,,-1,Poultry
2.4005,0.101,36,Mixto,1,ROSS - 2020,1,,-1,Poultry
2.5015,0.101,37,Mixto,1,ROSS - 2020,1,,-1,Poultry
2.6025,0.101,38,Mixto,1,ROSS - 2020,1,,-1,Poultry
2.7035,0.101,39,Mixto,1,ROSS - 2020,1,,-1,Poultry
2.8045,0.101,40,Mixto,1,ROSS - 2020,1,,-1,Poultry
2.905,0.1005,41,Mixto,1,ROSS - 2020,1,,-1,Poultry
3.0055,0.1005,42,Mixto,1,ROSS - 2020,1,,-1,Poultry
3.1055,0.1,43,Mixto,1,ROSS - 2020,1,,-1,Poultry
3.2055,0.1,44,Mixto,1,ROSS - 2020,1,,-1,Poultry
3.3045,0.099,45,Mixto,1,ROSS - 2020,1,,-1,Poultry
3.403,0.0985,46,Mixto,1,ROSS - 2020,1,,-1,Poultry
3.501,0.098,47,Mixto,1,ROSS - 2020,1,,-1,Poultry
3.598,0.097,48,Mixto,1,ROSS - 2020,1,,-1,Poultry
3.694,0.096,49,Mixto,1,ROSS - 2020,1,,-1,Poultry
0.0399336,-1.0,0,Hembra,,TCA - 2023,1,,-1,Poultry
0.0585997,-1.0,1,Hembra,,TCA - 2023,1,,-1,Poultry
0.0692015,-1.0,2,Hembra,,TCA - 2023,1,,-1,Poultry
0.0834607,-1.0,3,Hembra,,TCA - 2023,1,,-1,Poultry
0.101342,-1.0,4,Hembra,,TCA - 2023,1,,-1,Poultry
0.123338,-1.0,5,Hembra,,TCA - 2023,1,,-1,Poultry
0.148231,-1.0,6,Hembra,,TCA - 2023,1,,-1,Poultry
0.174088,-1.0,7,Hembra,,TCA - 2023,1,,-1,Poultry
0.20532,-1.0,8,Hembra,,TCA - 2023,1,,-1,Poultry
0.23874,-1.0,9,Hembra,,TCA - 2023,1,,-1,Poultry
0.275739,-1.0,10,Hembra,,TCA - 2023,1,,-1,Poultry
0.316373,-1.0,11,Hembra,,TCA - 2023,1,,-1,Poultry
0.360576,-1.0,12,Hembra,,TCA - 2023,1,,-1,Poultry
0.40804,-1.0,13,Hembra,,TCA - 2023,1,,-1,Poultry
0.458377,-1.0,14,Hembra,,TCA - 2023,1,,-1,Poultry
0.512197,-1.0,15,Hembra,,TCA - 2023,1,,-1,Poultry
0.569266,-1.0,16,Hembra,,TCA - 2023,1,,-1,Poultry
0.629581,-1.0,17,Hembra,,TCA - 2023,1,,-1,Poultry
0.693846,-1.0,18,Hembra,,TCA - 2023,1,,-1,Poultry
0.762578,-1.0,19,Hembra,,TCA - 2023,1,,-1,Poultry
0.8351,-1.0,20,Hembra,,TCA - 2023,1,,-1,Poultry
0.910552,-1.0,21,Hembra,,TCA - 2023,1,,-1,Poultry
0.987979,-1.0,22,Hembra,,TCA - 2023,1,,-1,Poultry
1.06904,-1.0,23,Hembra,,TCA - 2023,1,,-1,Poultry
1.15184,-1.0,24,Hembra,,TCA - 2023,1,,-1,Poultry
1.23458,-1.0,25,Hembra,,TCA - 2023,1,,-1,Poultry
1.31904,-1.0,26,Hembra,,TCA - 2023,1,,-1,Poultry
1.40418,-1.0,27,Hembra,,TCA - 2023,1,,-1,Poultry
1.49027,-1.0,28,Hembra,,TCA - 2023,1,,-1,Poultry
1.57787,-1.0,29,Hembra,,TCA - 2023,1,,-1,Poultry
1.66361,-1.0,30,Hembra,,TCA - 2023,1,,-1,Poultry
1.75041,-1.0,31,Hembra,,TCA - 2023,1,,-1,Poultry
1.83858,-1.0,32,Hembra,,TCA - 2023,1,,-1,Poultry
1.92537,-1.0,33,Hembra,,TCA - 2023,1,,-1,Poultry
2.01212,-1.0,34,Hembra,,TCA - 2023,1,,-1,Poultry
2.09769,-1.0,35,Hembra,,TCA - 2023,1,,-1,Poultry
2.17827,-1.0,36,Hembra,,TCA - 2023,1,,-1,Poultry
2.26131,-1.0,37,Hembra,,TCA - 2023,1,,-1,Poultry
2.34359,-1.0,38,Hembra,,TCA - 2023,1,,-1,Poultry
2.42511,-1.0,39,Hembra,,TCA - 2023,1,,-1,Poultry
2.50479,-1.0,40,Hembra,,TCA - 2023,1,,-1,Poultry
2.58451,-1.0,41,Hembra,,TCA - 2023,1,,-1,Poultry
2.66606,-1.0,42,Hembra,,TCA - 2023,1,,-1,Poultry
2.74909,-1.0,43,Hembra,,TCA - 2023,1,,-1,Poultry
2.83154,-1.0,44,Hembra,,TCA - 2023,1,,-1,Poultry
2.90505,-1.0,45,Hembra,,TCA - 2023,1,,-1,Poultry
2.96714,-1.0,46,Hembra,,TCA - 2023,1,,-1,Poultry
3.03672,-1.0,47,Hembra,,TCA - 2023,1,,-1,Poultry
3.10444,-1.0,48,Hembra,,TCA - 2023,1,,-1,Poultry
3.17027,-1.0,49,Hembra,,TCA - 2023,1,,-1,Poultry
3.17027,-1.0,49,Hembra,,TCA - 2023,1,,-1,Poultry
3.23422,-1.0,50,Hembra,,TCA - 2023,1,,-1,Poultry
3.29625,-1.0,51,Hembra,,TCA - 2023,1,,-1,Poultry
3.35639,-1.0,52,Hembra,,TCA - 2023,1,,-1,Poultry
3.41463,-1.0,53,Hembra,,TCA - 2023,1,,-1,Poultry
3.47098,-1.0,54,Hembra,,TCA - 2023,1,,-1,Poultry
3.52547,-1.0,55,Hembra,,TCA - 2023,1,,-1,Poultry
3.5781,-1.0,56,Hembra,,TCA - 2023,1,,-1,Poultry
3.62892,-1.0,57,Hembra,,TCA - 2023,1,,-1,Poultry
3.67794,-1.0,58,Hembra,,TCA - 2023,1,,-1,Poultry
3.7252,-1.0,59,Hembra,,TCA - 2023,1,,-1,Poultry
3.77073,-1.0,60,Hembra,,TCA - 2023,1,,-1,Poultry
0.0395349,-1.0,0,Macho,,TCA - 2023,1,,-1,Poultry
0.0580933,-1.0,1,Macho,,TCA - 2023,1,,-1,Poultry
0.0686634,-1.0,2,Macho,,TCA - 2023,1,,-1,Poultry
0.0835275,-1.0,3,Macho,,TCA - 2023,1,,-1,Poultry
0.102038,-1.0,4,Macho,,TCA - 2023,1,,-1,Poultry
0.124442,-1.0,5,Macho,,TCA - 2023,1,,-1,Poultry
0.149704,-1.0,6,Macho,,TCA - 2023,1,,-1,Poultry
0.176692,-1.0,7,Macho,,TCA - 2023,1,,-1,Poultry
0.208194,-1.0,8,Macho,,TCA - 2023,1,,-1,Poultry
0.242998,-1.0,9,Macho,,TCA - 2023,1,,-1,Poultry
0.281451,-1.0,10,Macho,,TCA - 2023,1,,-1,Poultry
0.323745,-1.0,11,Macho,,TCA - 2023,1,,-1,Poultry
0.369836,-1.0,12,Macho,,TCA - 2023,1,,-1,Poultry
0.41916,-1.0,13,Macho,,TCA - 2023,1,,-1,Poultry
0.472017,-1.0,14,Macho,,TCA - 2023,1,,-1,Poultry
0.529315,-1.0,15,Macho,,TCA - 2023,1,,-1,Poultry
0.590071,-1.0,16,Macho,,TCA - 2023,1,,-1,Poultry
0.654838,-1.0,17,Macho,,TCA - 2023,1,,-1,Poultry
0.7232,-1.0,18,Macho,,TCA - 2023,1,,-1,Poultry
0.796157,-1.0,19,Macho,,TCA - 2023,1,,-1,Poultry
0.873831,-1.0,20,Macho,,TCA - 2023,1,,-1,Poultry
0.955322,-1.0,21,Macho,,TCA - 2023,1,,-1,Poultry
1.04043,-1.0,22,Macho,,TCA - 2023,1,,-1,Poultry
1.1272,-1.0,23,Macho,,TCA - 2023,1,,-1,Poultry
1.21608,-1.0,24,Macho,,TCA - 2023,1,,-1,Poultry
1.30694,-1.0,25,Macho,,TCA - 2023,1,,-1,Poultry
1.39815,-1.0,26,Macho,,TCA - 2023,1,,-1,Poultry
1.49024,-1.0,27,Macho,,TCA - 2023,1,,-1,Poultry
1.58405,-1.0,28,Macho,,TCA - 2023,1,,-1,Poultry
1.67973,-1.0,29,Macho,,TCA - 2023,1,,-1,Poultry
1.77565,-1.0,30,Macho,,TCA - 2023,1,,-1,Poultry
1.87254,-1.0,31,Macho,,TCA - 2023,1,,-1,Poultry
1.96913,-1.0,32,Macho,,TCA - 2023,1,,-1,Poultry
2.06728,-1.0,33,Macho,,TCA - 2023,1,,-1,Poultry
2.16334,-1.0,34,Macho,,TCA - 2023,1,,-1,Poultry
2.26182,-1.0,35,Macho,,TCA - 2023,1,,-1,Poultry
2.36081,-1.0,36,Macho,,TCA - 2023,1,,-1,Poultry
2.459,-1.0,37,Macho,,TCA - 2023,1,,-1,Poultry
2.55866,-1.0,38,Macho,,TCA - 2023,1,,-1,Poultry
2.65835,-1.0,39,Macho,,TCA - 2023,1,,-1,Poultry
2.75975,-1.0,40,Macho,,TCA - 2023,1,,-1,Poultry
2.85791,-1.0,41,Macho,,TCA - 2023,1,,-1,Poultry
2.95692,-1.0,42,Macho,,TCA - 2023,1,,-1,Poultry
3.05736,-1.0,43,Macho,,TCA - 2023,1,,-1,Poultry
3.16721,-1.0,44,Macho,,TCA - 2023,1,,-1,Poultry
3.25882,-1.0,45,Macho,,TCA - 2023,1,,-1,Poultry
3.32723,-1.0,46,Macho,,TCA - 2023,1,,-1,Poultry
3.41489,-1.0,47,Macho,,TCA - 2023,1,,-1,Poultry
3.50076,-1.0,48,Macho,,TCA - 2023,1,,-1,Poultry
3.58476,-1.0,49,Macho,,TCA - 2023,1,,-1,Poultry
3.66686,-1.0,50,Macho,,TCA - 2023,1,,-1,Poultry
3.74701,-1.0,51,Macho,,TCA - 2023,1,,-1,Poultry
3.82517,-1.0,52,Macho,,TCA - 2023,1,,-1,Poultry
3.90133,-1.0,53,Macho,,TCA - 2023,1,,-1,Poultry
3.97547,-1.0,54,Macho,,TCA - 2023,1,,-1,Poultry
4.04759,-1.0,55,Macho,,TCA - 2023,1,,-1,Poultry
4.11766,-1.0,56,Macho,,TCA - 2023,1,,-1,Poultry
4.18571,-1.0,57,Macho,,TCA - 2023,1,,-1,Poultry
4.25174,-1.0,58,Macho,,TCA - 2023,1,,-1,Poultry
4.31577,-1.0,59,Macho,,TCA - 2023,1,,-1,Poultry
4.3778,-1.0,60,Macho,,TCA - 2023,1,,-1,Poultry
